time,type,size,volatility,open,high,low,close
2022-03-21 21:00,Red,0.0019099712,197.63063,1.31764,1.31776,1.31585,1.31594
2022-03-21 22:00,Green,0.000880003,197.16637,1.31594,1.31636,1.31548,1.31636
2022-03-21 23:00,Green,0.0011600256,197.36882,1.31634,1.31687,1.31571,1.3166
2022-03-22 00:00,Red,0.001709938,197.99968,1.31658,1.3173,1.31559,1.31635
2022-03-22 01:00,Green,0.0005799532,196.90446,1.31626,1.31677,1.31619,1.31669
2022-03-22 02:00,Green,0.00055992603,196.33304,1.31669,1.31686,1.3163,1.31686
2022-03-22 03:00,Red,0.0036000013,197.46399,1.31686,1.31686,1.31326,1.31371
2022-03-22 04:00,Green,0.0011599064,197.30319,1.31371,1.31484,1.31368,1.31426
2022-03-22 05:00,Green,0.001060009,197.40437,1.31427,1.31514,1.31408,1.31509
2022-03-22 06:00,Green,0.0009900331,197.53537,1.3151,1.3154,1.31441,1.31511
2022-03-22 07:00,Red,0.0026800632,198.07706,1.3151,1.31514,1.31246,1.31341
2022-03-22 08:00,Red,0.0014599562,197.4461,1.31342,1.31379,1.31233,1.31258
2022-03-22 09:00,Red,0.0011399984,196.04729,1.31258,1.31311,1.31197,1.31222
2022-03-22 10:00,Green,0.0021600723,195.20212,1.31221,1.31409,1.31193,1.31392
2022-03-22 11:00,Green,0.006309986,197.54138,1.31391,1.31935,1.31304,1.31766
2022-03-22 12:00,Green,0.0024200678,197.7022,1.31764,1.31962,1.3172,1.31846
2022-03-22 13:00,Green,0.003930092,197.93443,1.31845,1.32167,1.31774,1.32102
2022-03-22 14:00,Green,0.002120018,196.488,1.32102,1.32266,1.32054,1.32205
2022-03-22 15:00,Green,0.0028100014,196.79167,1.32206,1.3247,1.32189,1.32332
2022-03-22 16:00,Green,0.0034599304,197.30357,1.32332,1.32678,1.32332,1.32666
2022-03-22 17:00,Red,0.0026999712,197.67857,1.32667,1.32733,1.32463,1.32506
2022-03-22 18:00,Green,0.0025800467,197.20238,1.32505,1.32602,1.32344,1.32583
2022-03-22 19:00,Red,0.001240015,196.48215,1.32583,1.32587,1.32463,1.32527
2022-03-22 20:00,Red,0.0013500452,196.38103,1.32528,1.32601,1.32466,1.32508
2022-03-22 21:00,Green,0.0007100105,196.24417,1.32508,1.32571,1.325,1.32531
2022-03-22 22:00,Green,0.0016599894,196.48819,1.32532,1.32636,1.3247,1.32589
2022-03-22 23:00,Green,0.00065004826,196.17874,1.3259,1.32619,1.32554,1.32605
2022-03-23 00:00,Red,0.0011000633,196.11324,1.32606,1.32665,1.32555,1.32582
2022-03-23 01:00,Green,0.0014300346,195.82755,1.32581,1.32711,1.32568,1.32698
2022-03-23 02:00,Red,0.00083994865,195.50604,1.32696,1.32696,1.32612,1.32652
2022-03-23 03:00,Green,0.00090003014,195.01791,1.32653,1.32743,1.32653,1.32702
2022-03-23 04:00,Green,0.001150012,194.49411,1.32701,1.32805,1.3269,1.328
2022-03-23 05:00,Green,0.0019099712,194.48816,1.32801,1.32981,1.3279,1.32879
2022-03-23 06:00,Red,0.0011200905,194.88104,1.32879,1.32922,1.3281,1.32843
2022-03-23 07:00,Red,0.000880003,194.55363,1.32843,1.32861,1.32773,1.3279
2022-03-23 08:00,Green,0.0014699697,194.887,1.3279,1.32911,1.32764,1.3286
2022-03-23 09:00,Red,0.0014100075,195.02983,1.3286,1.32862,1.32721,1.32746
2022-03-23 10:00,Red,0.003129959,195.23816,1.32741,1.32871,1.32558,1.32605
2022-03-23 11:00,Red,0.00417006,196.8097,1.32606,1.3262,1.32203,1.32221
2022-03-23 12:00,Green,0.0027599335,197.3156,1.32221,1.32442,1.32166,1.32268
2022-03-23 13:00,Red,0.0018199682,197.26202,1.32268,1.32319,1.32137,1.32178
2022-03-23 14:00,Red,0.0022400618,197.2323,1.32178,1.32216,1.31992,1.32077
2022-03-23 15:00,Red,0.003090024,195.7025,1.32077,1.32087,1.31778,1.31943
2022-03-23 16:00,Red,0.0026299953,195.54178,1.31943,1.32005,1.31742,1.31746
2022-03-23 17:00,Green,0.0032299757,195.98221,1.31746,1.32068,1.31745,1.31947
2022-03-23 18:00,Green,0.001940012,195.53577,1.31948,1.32139,1.31945,1.32111
2022-03-23 19:00,Red,0.001560092,194.67271,1.32111,1.32139,1.31983,1.32019
2022-03-23 20:00,Green,0.0012899637,194.65482,1.32019,1.32099,1.3197,1.32067
2022-03-23 21:00,Red,0.0008701086,194.42868,1.32069,1.32123,1.32036,1.32047
2022-03-23 22:00,Green,0.0006901026,193.4823,1.32046,1.32105,1.32036,1.32089
2022-03-23 23:00,Red,0.0006699562,193.45251,1.32089,1.32106,1.32039,1.32039
2022-03-24 00:00,Red,0.0006400347,193.49423,1.32036,1.32048,1.31984,1.32009
2022-03-24 01:00,Red,0.001420021,193.8276,1.32006,1.32091,1.31949,1.31979
2022-03-24 02:00,Green,0.00074994564,193.8931,1.31982,1.32057,1.31982,1.32043
2022-03-24 03:00,Red,0.0015699863,194.37524,1.32045,1.32121,1.31964,1.31986
2022-03-24 04:00,Red,0.0017000437,194.49431,1.31987,1.31999,1.31829,1.31907
2022-03-24 05:00,Green,0.00055992603,193.57164,1.31908,1.31923,1.31867,1.31913
2022-03-24 06:00,Green,0.00074994564,192.73227,1.31912,1.31951,1.31876,1.31924
2022-03-24 07:00,Red,0.0011600256,192.9406,1.31923,1.31945,1.31829,1.319
2022-03-24 08:00,Red,0.00092995167,192.74411,1.319,1.31906,1.31813,1.31835
2022-03-24 09:00,Green,0.001760006,192.58339,1.31835,1.32009,1.31833,1.31897
2022-03-24 10:00,Red,0.0024700165,192.55962,1.31896,1.32049,1.31802,1.31816
2022-03-24 11:00,Red,0.0034999847,193.29773,1.31814,1.3192,1.3157,1.31599
2022-03-24 12:00,Green,0.0021500587,192.86922,1.31601,1.3178,1.31565,1.31745
2022-03-24 13:00,Green,0.0025299788,193.4466,1.31744,1.31959,1.31706,1.3195
2022-03-24 14:00,Green,0.0031900406,193.81564,1.3195,1.32113,1.31794,1.32018
2022-03-24 15:00,Red,0.00274992,193.93465,1.32018,1.32135,1.3186,1.31977
2022-03-24 16:00,Red,0.0031499863,194.9346,1.31977,1.31984,1.31669,1.31796
2022-03-24 17:00,Green,0.002730012,195.52979,1.31795,1.31936,1.31663,1.31914
2022-03-24 18:00,Red,0.0025399923,195.2322,1.31913,1.32048,1.31794,1.31835
2022-03-24 19:00,Red,0.0011999607,194.25595,1.31834,1.31891,1.31771,1.31785
2022-03-24 20:00,Red,0.0013899803,194.22615,1.31786,1.31832,1.31693,1.31706
2022-03-24 21:00,Green,0.0016399622,193.86307,1.31705,1.31829,1.31665,1.3182
2022-03-24 22:00,Green,0.0017399788,193.86902,1.3182,1.31949,1.31775,1.31901
2022-03-24 23:00,Red,0.0008200407,193.76785,1.319,1.31907,1.31825,1.31854
2022-03-25 00:00,Red,0.0010899305,193.45825,1.31854,1.31863,1.31754,1.31825
2022-03-25 01:00,Green,0.00089001656,193.3333,1.31825,1.31914,1.31825,1.31904
2022-03-25 02:00,Green,0.00078999996,193.15475,1.31906,1.31963,1.31884,1.31935
2022-03-25 03:00,Red,0.0015000105,193.29172,1.31934,1.31979,1.31829,1.3188
2022-03-25 04:00,Green,0.0026699305,193.60115,1.3188,1.32124,1.31857,1.32122
2022-03-25 05:00,Red,0.0013699532,193.94637,1.32122,1.32128,1.31991,1.32063
2022-03-25 06:00,Red,0.0008299351,194.00583,1.32062,1.32124,1.32041,1.32055
2022-03-25 07:00,Green,0.0018999577,194.8153,1.32053,1.32243,1.32053,1.32212
2022-03-25 08:00,Red,0.001079917,194.55334,1.32213,1.32229,1.32121,1.32178
2022-03-25 09:00,Red,0.0013600588,194.45222,1.32178,1.32192,1.32056,1.3212
2022-03-25 10:00,Red,0.0026099682,194.57121,1.32114,1.32121,1.3186,1.31891
2022-03-25 11:00,Red,0.0032000542,194.60698,1.31885,1.3192,1.316,1.31619
2022-03-25 12:00,Green,0.0017899275,194.73788,1.31619,1.31764,1.31585,1.31637
2022-03-25 13:00,Green,0.0026100874,195.16057,1.31637,1.31886,1.31625,1.31884
2022-03-25 14:00,Green,0.001979947,193.33908,1.31884,1.31996,1.31798,1.3197
2022-03-25 15:00,Red,0.0012699366,193.20213,1.31971,1.32048,1.31921,1.3195
2022-03-25 16:00,Red,0.0021400452,193.49384,1.31952,1.31996,1.31782,1.3186
2022-03-25 17:00,Green,0.0040899515,193.41643,1.31861,1.3222,1.31811,1.32079
2022-03-25 18:00,Red,0.002049923,193.04738,1.3208,1.32082,1.31877,1.31905
2022-03-25 19:00,Red,0.0018099546,192.81522,1.31903,1.31984,1.31803,1.31893
2022-03-25 20:00,Green,0.0013699532,192.04141,1.31892,1.31943,1.31806,1.31939
2022-03-25 21:00,Red,0.0015100241,188.0474,1.31942,1.31974,1.31823,1.31832
2022-03-25 22:00,Green,0.0014100075,185.86288,1.3183,1.31925,1.31784,1.31893
2022-03-25 23:00,Red,0.0012699366,185.7378,1.31891,1.31896,1.31769,1.318
,,,,,,,
,,,,,,,
,,,,,,,
,,,,,,,
,,,,,,,
,,,,,,,
,,,,,,,
,,,,,,,
,,,,,,,
,,,,,,,
,,,,,,,
,,,,,,,
,,,,,,,
,,,,,,,
,,,,,,,
,,,,,,,
,,,,,,,
,,,,,,,
,,,,,,,
,,,,,,,
,,,,,,,
,,,,,,,
,,,,,,,
,,,,,,,
,,,,,,,
,,,,,,,
,,,,,,,
,,,,,,,
,,,,,,,
,,,,,,,
,,,,,,,
,,,,,,,
,,,,,,,
,,,,,,,
,,,,,,,
,,,,,,,
,,,,,,,
,,,,,,,
,,,,,,,
,,,,,,,
,,,,,,,
,,,,,,,
,,,,,,,
,,,,,,,
,,,,,,,
,,,,,,,
,,,,,,,
,,,,,,,
2022-03-28 00:00,Green,0.0009300709,185.6009,1.31783,1.31816,1.31723,1.31784
2022-03-28 01:00,Red,0.0014699697,185.27351,1.31784,1.31848,1.31701,1.31719
2022-03-28 02:00,Green,0.00074005127,184.85095,1.3172,1.31753,1.31679,1.31726
2022-03-28 03:00,Red,0.0020600557,184.83911,1.31724,1.31759,1.31553,1.3158
2022-03-28 04:00,Green,0.0017200708,184.36299,1.31578,1.31658,1.31486,1.31602
2022-03-28 05:00,Red,0.0020799637,184.24988,1.31601,1.31655,1.31447,1.31554
2022-03-28 06:00,Red,0.0012700558,184.49986,1.31556,1.31596,1.31469,1.31535
2022-03-28 07:00,Red,0.0011199713,184.47601,1.31535,1.31571,1.31459,1.31461
2022-03-28 08:00,Red,0.001150012,184.77362,1.31462,1.31464,1.31349,1.31368
2022-03-28 09:00,Green,0.0026800632,185.02965,1.31368,1.31568,1.313,1.31556
2022-03-28 10:00,Red,0.0023100376,185.39871,1.31556,1.31639,1.31408,1.31457
2022-03-28 11:00,Green,0.0029699802,186.16058,1.31457,1.31673,1.31376,1.31624
2022-03-28 12:00,Red,0.0037300587,187.4523,1.31623,1.31623,1.3125,1.31309
2022-03-28 13:00,Green,0.002929926,187.37488,1.31309,1.31591,1.31298,1.31551
2022-03-28 14:00,Red,0.0052900314,188.81538,1.31551,1.31575,1.31046,1.3114
2022-03-28 15:00,Red,0.002030015,183.15466,1.3114,1.31166,1.30963,1.31
2022-03-28 16:00,Red,0.0026500225,183.22604,1.31,1.31049,1.30784,1.30814
2022-03-28 17:00,Green,0.0020399094,182.76169,1.30813,1.3087,1.30666,1.30822
2022-03-28 18:00,Green,0.0014899969,181.07121,1.30821,1.30949,1.308,1.30902
2022-03-28 19:00,Red,0.0013400316,180.39264,1.30905,1.30978,1.30844,1.30895
2022-03-28 20:00,Red,0.0013400316,180.35098,1.30894,1.30991,1.30857,1.30857
2022-03-28 21:00,Green,0.0014499426,180.06523,1.30858,1.30977,1.30832,1.30958
2022-03-28 22:00,Red,0.0014899969,180.39853,1.30956,1.30965,1.30816,1.30935
2022-03-28 23:00,Red,0.0017800331,180.88069,1.30935,1.3095,1.30772,1.30772
2022-03-29 00:00,Green,0.0017000437,181.51768,1.30764,1.30933,1.30763,1.30926
2022-03-29 01:00,Green,0.0014899969,181.67242,1.30926,1.31027,1.30878,1.30984
2022-03-29 02:00,Green,0.000880003,181.54152,1.30984,1.31058,1.3097,1.30985
2022-03-29 03:00,Red,0.002460003,181.48793,1.30984,1.31024,1.30778,1.30794
2022-03-29 04:00,Green,0.0026199818,182.52364,1.30794,1.31056,1.30794,1.31029
2022-03-29 05:00,Red,0.001060009,182.69627,1.31029,1.31048,1.30942,1.30989
2022-03-29 06:00,Red,0.0012099743,182.7915,1.30988,1.31027,1.30906,1.30954
2022-03-29 07:00,Red,0.0011599064,183.0593,1.30954,1.31036,1.3092,1.30924
2022-03-29 08:00,Green,0.0009999275,182.94618,1.30925,1.30966,1.30866,1.30946
2022-03-29 09:00,Green,0.0018199682,183.18425,1.30946,1.31094,1.30912,1.31083
2022-03-29 10:00,Red,0.002910018,183.66643,1.31082,1.31152,1.30861,1.30911
2022-03-29 11:00,Red,0.0052900314,185.15448,1.30911,1.31084,1.30555,1.30596
2022-03-29 12:00,Green,0.004830003,186.87471,1.30594,1.30986,1.30503,1.30845
2022-03-29 13:00,Green,0.002640009,187.01755,1.30845,1.31089,1.30825,1.30959
2022-03-29 14:00,Green,0.008300066,191.14856,1.30959,1.3148,1.3065,1.31283
2022-03-29 15:00,Green,0.003739953,191.96404,1.31285,1.31593,1.31219,1.31449
2022-03-29 16:00,Red,0.0022399426,191.97595,1.31449,1.31502,1.31278,1.31316
2022-03-29 17:00,Green,0.0028899908,192.01761,1.31313,1.31566,1.31277,1.31353
2022-03-29 18:00,Red,0.0015100241,191.14857,1.31353,1.31429,1.31278,1.3129
2022-03-29 19:00,Red,0.0048499107,192.6902,1.3129,1.31291,1.30806,1.30853
2022-03-29 20:00,Red,0.002589941,192.85681,1.30852,1.30852,1.30593,1.30729
2022-03-29 21:00,Green,0.002409935,193.37459,1.30729,1.30949,1.30708,1.30941
2022-03-29 22:00,Green,0.0012199879,193.53531,1.30941,1.31053,1.30931,1.30981
2022-03-29 23:00,Red,0.0008599758,193.35672,1.30981,1.30985,1.30899,1.30921
2022-03-30 00:00,Green,0.0016100407,193.95198,1.30919,1.3096,1.30799,1.30959
2022-03-30 01:00,Green,0.0006699562,193.77934,1.30954,1.31019,1.30952,1.30969
2022-03-30 02:00,Red,0.00085008144,193.4996,1.30969,1.31007,1.30922,1.30922
2022-03-30 03:00,Green,0.0012500286,193.69012,1.30921,1.31006,1.30881,1.30974
2022-03-30 04:00,Red,0.0015300512,194.11873,1.30976,1.31074,1.30921,1.30944
2022-03-30 05:00,Green,0.0014300346,194.49971,1.30944,1.31064,1.30921,1.31053
2022-03-30 06:00,Green,0.0011800528,194.73186,1.31054,1.31111,1.30993,1.31064
2022-03-30 07:00,Red,0.0010800362,195.08908,1.31065,1.31095,1.30987,1.31003
2022-03-30 08:00,Green,0.0024300814,196.07724,1.31002,1.31226,1.30983,1.31202
2022-03-30 09:00,Green,0.001979947,196.59503,1.31202,1.31302,1.31104,1.31226
2022-03-30 10:00,Green,0.0028699636,197.02951,1.31225,1.31334,1.31047,1.3126
2022-03-30 11:00,Green,0.0024300814,197.24387,1.31258,1.31411,1.31168,1.31401
2022-03-30 12:00,Green,0.0026899576,197.95218,1.314,1.316,1.31331,1.31507
2022-03-30 13:00,Red,0.002260089,198.24991,1.31508,1.31516,1.3129,1.31411
2022-03-30 14:00,Green,0.0024100542,198.73805,1.3141,1.3161,1.31369,1.31585
2022-03-30 15:00,Red,0.0022000074,198.77971,1.31586,1.31672,1.31452,1.31583
2022-03-30 16:00,Green,0.0029898882,198.42848,1.31583,1.3179,1.31491,1.31729
2022-03-30 17:00,Red,0.0021600723,198.03568,1.3173,1.31823,1.31607,1.31719
2022-03-30 18:00,Red,0.0028800964,198.33333,1.31715,1.31763,1.31475,1.31495
2022-03-30 19:00,Red,0.0014799833,197.95833,1.31489,1.31547,1.31399,1.31433
2022-03-30 20:00,Red,0.0017399788,196.8929,1.31433,1.31437,1.31263,1.31281
2022-03-30 21:00,Green,0.0010000467,196.35129,1.3128,1.31377,1.31277,1.31377
2022-03-30 22:00,Red,0.0008300543,196.32155,1.31375,1.31384,1.31301,1.31331
2022-03-30 23:00,Red,0.0007200241,196.05966,1.31332,1.31381,1.31309,1.31309
2022-03-31 00:00,Green,0.0006599426,195.43466,1.31301,1.31344,1.31278,1.31329
2022-03-31 01:00,Green,0.00078999996,195.5597,1.31329,1.31388,1.31309,1.31381
2022-03-31 02:00,Red,0.0007299185,195.66086,1.31379,1.31388,1.31315,1.31365
2022-03-31 03:00,Green,0.0014001131,194.35141,1.31368,1.31421,1.31281,1.31409
2022-03-31 04:00,Red,0.0014100075,194.50027,1.31412,1.31431,1.3129,1.31346
2022-03-31 05:00,Red,0.0014599562,194.73834,1.31346,1.31346,1.312,1.312
2022-03-31 06:00,Red,0.0007801056,194.61336,1.31201,1.31219,1.31141,1.31156
2022-03-31 07:00,Red,0.0007699728,193.47641,1.31156,1.31171,1.31094,1.31153
2022-03-31 08:00,Green,0.0014500618,193.47054,1.31148,1.31271,1.31126,1.31271
2022-03-31 09:00,Green,0.0016900301,193.79793,1.31271,1.31419,1.3125,1.31349
2022-03-31 10:00,Green,0.0015499592,193.43475,1.31349,1.31478,1.31323,1.3135
2022-03-31 11:00,Red,0.0032800436,191.63121,1.31349,1.31427,1.31099,1.31204
2022-03-31 12:00,Green,0.0018899441,191.31564,1.31205,1.31302,1.31113,1.3121
2022-03-31 13:00,Red,0.0015000105,189.86917,1.31211,1.31322,1.31172,1.31189
2022-03-31 14:00,Green,0.0024700165,190.07751,1.31188,1.31403,1.31156,1.31253
2022-03-31 15:00,Green,0.0023099184,189.77985,1.31252,1.31405,1.31174,1.31386
2022-03-31 16:00,Red,0.003610015,189.86919,1.31386,1.31411,1.3105,1.31332
2022-03-31 17:00,Green,0.005800009,191.71443,1.31332,1.31698,1.31118,1.31611
2022-03-31 18:00,Red,0.003610015,192.32751,1.31599,1.31751,1.3139,1.31496
2022-03-31 19:00,Red,0.0017499924,192.63107,1.31494,1.31502,1.31327,1.31379
2022-03-31 20:00,Green,0.0016300678,192.79773,1.31377,1.31523,1.3136,1.31423
2022-03-31 21:00,Red,0.001259923,193.12508,1.31424,1.31424,1.31298,1.31344
2022-03-31 22:00,Green,0.0016299486,193.10721,1.31344,1.31484,1.31321,1.31367
2022-03-31 23:00,Red,0.001349926,193.52379,1.31366,1.31468,1.31333,1.31333
2022-04-01 00:00,Green,0.0012900829,193.63689,1.31333,1.3141,1.31281,1.31351
2022-04-01 01:00,Green,0.0016399622,193.76184,1.31351,1.31512,1.31348,1.31461
2022-04-01 02:00,Red,0.0008599758,193.77377,1.31462,1.31483,1.31397,1.31451
2022-04-01 03:00,Red,0.0015300512,194.14879,1.31451,1.31465,1.31312,1.31366
2022-04-01 04:00,Red,0.00068998337,193.87497,1.31366,1.3139,1.31321,1.3135
2022-04-01 05:00,Red,0.0015200377,193.64285,1.31351,1.31373,1.31221,1.31239
2022-04-01 06:00,Green,0.0013899803,193.8035,1.31238,1.31352,1.31213,1.3134
2022-04-01 07:00,Red,0.00059998035,193.63681,1.31339,1.31347,1.31287,1.31302
2022-04-01 08:00,Green,0.0009200573,193.3095,1.31303,1.31383,1.31291,1.31328
2022-04-01 09:00,Red,0.001709938,193.48802,1.31328,1.31363,1.31192,1.31228
2022-04-01 10:00,Red,0.0017900467,192.69044,1.31228,1.31303,1.31124,1.31226
2022-04-01 11:00,Green,0.0014299154,191.0594,1.31224,1.31291,1.31148,1.31286
2022-04-01 12:00,Red,0.0011199713,190.08324,1.31284,1.3133,1.31218,1.31273
2022-04-01 13:00,Green,0.0017700195,190.0535,1.31274,1.3145,1.31273,1.3141
2022-04-01 14:00,Red,0.0014500618,189.58327,1.31411,1.31446,1.31301,1.31302
2022-04-01 15:00,Red,0.0026800632,189.33923,1.31303,1.31342,1.31074,1.31116
2022-04-01 16:00,Red,0.0027999878,189.44041,1.31115,1.31178,1.30898,1.30997
2022-04-01 17:00,Green,0.002640009,189.08925,1.30991,1.31124,1.3086,1.31071
2022-04-01 18:00,Green,0.0014699697,188.80945,1.31075,1.31134,1.30987,1.31121
2022-04-01 19:00,Red,0.0012398958,188.61887,1.31122,1.31141,1.31017,1.31041
2022-04-01 20:00,Red,0.0013400316,188.64867,1.31041,1.31049,1.30915,1.30945
2022-04-01 21:00,Green,0.0013900995,188.95819,1.30945,1.31078,1.30939,1.31058
2022-04-01 22:00,Green,0.00090003014,189.08316,1.31056,1.31137,1.31047,1.31129
2022-04-01 23:00,Green,0.0006599426,189.0772,1.31129,1.3115,1.31084,1.31143
,,,,,,,
,,,,,,,
,,,,,,,
,,,,,,,
,,,,,,,
,,,,,,,
,,,,,,,
,,,,,,,
,,,,,,,
,,,,,,,
,,,,,,,
,,,,,,,
,,,,,,,
,,,,,,,
,,,,,,,
,,,,,,,
,,,,,,,
,,,,,,,
,,,,,,,
,,,,,,,
,,,,,,,
,,,,,,,
,,,,,,,
,,,,,,,
,,,,,,,
,,,,,,,
,,,,,,,
,,,,,,,
,,,,,,,
,,,,,,,
,,,,,,,
,,,,,,,
,,,,,,,
,,,,,,,
,,,,,,,
,,,,,,,
,,,,,,,
,,,,,,,
,,,,,,,
,,,,,,,
,,,,,,,
,,,,,,,
,,,,,,,
,,,,,,,
,,,,,,,
,,,,,,,
,,,,,,,
,,,,,,,
2022-04-04 00:00,Green,0.0019900799,189.88078,1.30854,1.31043,1.30844,1.31036
2022-04-04 01:00,Red,0.0012800694,189.7975,1.31066,1.31103,1.30975,1.31031
2022-04-04 02:00,Green,0.0006599426,189.74393,1.31031,1.31065,1.30999,1.31036
2022-04-04 03:00,Green,0.0014998913,189.7022,1.31037,1.31158,1.31008,1.31114
2022-04-04 04:00,Green,0.0010800362,189.33315,1.31114,1.31171,1.31063,1.31126
2022-04-04 05:00,Green,0.00055003166,189.32727,1.31124,1.31135,1.3108,1.31133
2022-04-04 06:00,Green,0.0009199381,189.42845,1.31133,1.31197,1.31105,1.31145
2022-04-04 07:00,Green,0.00046992302,189.01768,1.31144,1.31186,1.31139,1.31173
2022-04-04 08:00,Green,0.0011200905,189.13086,1.31174,1.31279,1.31167,1.31278
2022-04-04 09:00,Red,0.0015699863,189.01775,1.31278,1.31331,1.31174,1.31266
2022-04-04 10:00,Green,0.0014299154,188.39865,1.31267,1.31361,1.31218,1.31271
2022-04-04 11:00,Red,0.0015300512,187.22607,1.31272,1.31287,1.31134,1.31145
2022-04-04 12:00,Green,0.00092995167,186.49983,1.31145,1.31233,1.3114,1.31173
2022-04-04 13:00,Red,0.0029799938,186.7677,1.31175,1.31225,1.30927,1.30938
2022-04-04 14:00,Green,0.0012800694,185.63081,1.30941,1.31058,1.3093,1.30959
2022-04-04 15:00,Green,0.002730012,185.61897,1.30959,1.31218,1.30945,1.31067
2022-04-04 16:00,Green,0.0020400286,184.95828,1.31067,1.31191,1.30987,1.31166
2022-04-04 17:00,Red,0.0017399788,184.36897,1.31165,1.31287,1.31113,1.31142
2022-04-04 18:00,Green,0.0014500618,183.7202,1.31142,1.31236,1.31091,1.31148
2022-04-04 19:00,Red,0.0017200708,184.0298,1.31148,1.31166,1.30994,1.31034
2022-04-04 20:00,Red,0.0008299351,183.69644,1.31033,1.31046,1.30963,1.30996
2022-04-04 21:00,Green,0.0020900965,183.96437,1.30995,1.31174,1.30965,1.31144
2022-04-04 22:00,Neutral,0.00069999695,183.34534,1.31143,1.31201,1.31131,1.31143
2022-04-04 23:00,Red,0.00050997734,183.16077,1.31143,1.31167,1.31116,1.31132
2022-04-05 00:00,Green,0.0007300377,182.94656,1.31132,1.31145,1.31072,1.31139
2022-04-05 01:00,Red,0.0006300211,182.7918,1.31171,1.31171,1.31108,1.31128
2022-04-05 02:00,Red,0.00046002865,182.59538,1.31129,1.31156,1.3111,1.31122
2022-04-05 03:00,Red,0.0010299683,182.3156,1.31123,1.3116,1.31057,1.31105
2022-04-05 04:00,Green,0.0009100437,181.26804,1.31105,1.31175,1.31084,1.31165
2022-04-05 05:00,Red,0.0010699034,181.08943,1.31165,1.3122,1.31113,1.31138
2022-04-05 06:00,Red,0.00046002865,180.86925,1.31139,1.31164,1.31118,1.31135
2022-04-05 07:00,Green,0.001740098,180.7741,1.31133,1.31236,1.31062,1.31198
2022-04-05 08:00,Green,0.0016700029,181.12532,1.31199,1.31345,1.31178,1.31289
2022-04-05 09:00,Green,0.0018399954,181.41101,1.31285,1.31378,1.31194,1.31351
2022-04-05 10:00,Red,0.0020099878,181.05388,1.31349,1.31442,1.31241,1.31254
2022-04-05 11:00,Red,0.0017999411,180.22049,1.31254,1.31326,1.31146,1.31194
2022-04-05 12:00,Green,0.0022799969,180.51219,1.31193,1.31408,1.3118,1.31406
2022-04-05 13:00,Red,0.0023100376,180.33359,1.31409,1.31419,1.31188,1.31254
2022-04-05 14:00,Green,0.0013999939,179.98839,1.31254,1.31357,1.31217,1.31339
2022-04-05 15:00,Green,0.0015900135,180.17891,1.31338,1.31416,1.31257,1.31355
2022-04-05 16:00,Green,0.0031700134,180.79199,1.31358,1.31664,1.31347,1.31606
2022-04-05 17:00,Red,0.005480051,181.61943,1.31605,1.31662,1.31114,1.31299
2022-04-05 18:00,Red,0.0033299923,182.3814,1.31299,1.31306,1.30973,1.30988
2022-04-05 19:00,Red,0.0019600391,182.47073,1.30988,1.31012,1.30816,1.30843
2022-04-05 20:00,Green,0.0013400316,182.45293,1.30843,1.30954,1.3082,1.3086
2022-04-05 21:00,Red,0.0018200874,182.63748,1.30858,1.30894,1.30712,1.30803
2022-04-05 22:00,Red,0.0016100407,182.75655,1.30802,1.30824,1.30663,1.30771
2022-04-05 23:00,Red,0.0009800196,182.58397,1.30772,1.30793,1.30695,1.30701
2022-04-06 00:00,Green,0.0015400648,182.94705,1.30701,1.30832,1.30678,1.30709
2022-04-06 01:00,Green,0.0010200739,182.67928,1.30704,1.30796,1.30694,1.30783
2022-04-06 02:00,Red,0.0004299879,182.4947,1.30783,1.30785,1.30742,1.30764
2022-04-06 03:00,Red,0.001439929,182.12558,1.30765,1.30774,1.3063,1.30641
2022-04-06 04:00,Neutral,0.0012900829,181.86963,1.30641,1.30692,1.30563,1.30641
2022-04-06 05:00,Green,0.0013999939,181.46489,1.30641,1.30772,1.30632,1.30719
2022-04-06 06:00,Green,0.0007799864,181.17317,1.30718,1.30748,1.3067,1.30721
2022-04-06 07:00,Red,0.0010199547,181.11365,1.30721,1.30721,1.30619,1.30678
2022-04-06 08:00,Red,0.0016299486,181.3993,1.3068,1.30756,1.30593,1.30595
2022-04-06 09:00,Red,0.0019100904,180.941,1.30594,1.30639,1.30448,1.30579
2022-04-06 10:00,Green,0.001760006,180.6136,1.30579,1.30722,1.30546,1.30658
2022-04-06 11:00,Green,0.0035300255,180.94696,1.30657,1.30982,1.30629,1.30966
2022-04-06 12:00,Green,0.0015100241,179.62552,1.30965,1.31077,1.30926,1.30976
2022-04-06 13:00,Red,0.0022900105,179.24461,1.30975,1.30989,1.3076,1.30832
2022-04-06 14:00,Green,0.0013999939,176.92912,1.30831,1.30853,1.30713,1.3085
2022-04-06 15:00,Green,0.0013699532,176.53624,1.30851,1.3097,1.30833,1.30932
2022-04-06 16:00,Red,0.0022399426,176.29214,1.30933,1.30992,1.30768,1.30804
2022-04-06 17:00,Green,0.0025299788,176.58386,1.30803,1.30931,1.30678,1.30881
2022-04-06 18:00,Red,0.0023599863,177.10168,1.30881,1.30934,1.30698,1.30801
2022-04-06 19:00,Red,0.001150012,176.98859,1.30801,1.30856,1.30741,1.30758
2022-04-06 20:00,Red,0.0010800362,176.83383,1.30757,1.30794,1.30686,1.30755
2022-04-06 21:00,Red,0.0054399967,179.20886,1.30756,1.31024,1.3048,1.30688
2022-04-06 22:00,Green,0.0015500784,179.24464,1.30689,1.30778,1.30623,1.30735
2022-04-06 23:00,Red,0.0010899305,178.83386,1.30734,1.30756,1.30647,1.30647
2022-04-07 00:00,Red,0.0016099215,178.7802,1.30675,1.30678,1.30517,1.30618
2022-04-07 01:00,Green,0.0010800362,178.53618,1.30645,1.30718,1.3061,1.30667
2022-04-07 02:00,Green,0.0005700588,178.35168,1.30667,1.3071,1.30653,1.30687
2022-04-07 03:00,Green,0.0012300014,177.61954,1.30688,1.30804,1.30681,1.30762
2022-04-07 04:00,Green,0.001439929,176.91711,1.30762,1.30826,1.30682,1.30805
2022-04-07 05:00,Green,0.00083994865,176.78613,1.30805,1.30828,1.30744,1.30827
2022-04-07 06:00,Red,0.00078999996,176.53616,1.30827,1.30831,1.30752,1.3078
2022-04-07 07:00,Green,0.0008100271,176.3279,1.30781,1.30827,1.30746,1.30815
2022-04-07 08:00,Green,0.0010499954,176.3577,1.30814,1.30863,1.30758,1.30853
2022-04-07 09:00,Green,0.0010299683,175.88745,1.30847,1.30926,1.30823,1.30848
2022-04-07 10:00,Green,0.0021300316,175.42319,1.30849,1.31059,1.30846,1.30893
2022-04-07 11:00,Red,0.0019699335,173.44693,1.30892,1.30904,1.30707,1.30726
2022-04-07 12:00,Green,0.002550006,172.08977,1.30726,1.30878,1.30623,1.30824
2022-04-07 13:00,Red,0.0023999214,171.94685,1.30825,1.30887,1.30647,1.30717
2022-04-07 14:00,Green,0.0024300814,168.4528,1.30717,1.30947,1.30704,1.30814
2022-04-07 15:00,Red,0.001920104,167.36955,1.30814,1.30868,1.30676,1.30694
2022-04-07 16:00,Red,0.0019199848,167.1791,1.30694,1.30838,1.30646,1.30686
2022-04-07 17:00,Red,0.0028300285,167.14339,1.30685,1.30794,1.30511,1.30648
2022-04-07 18:00,Red,0.0014899969,167.13147,1.30648,1.30696,1.30547,1.30587
2022-04-07 19:00,Red,0.0008699894,164.76245,1.30586,1.30608,1.30521,1.30538
2022-04-07 20:00,Green,0.0020400286,164.43513,1.30538,1.30742,1.30538,1.30662
2022-04-07 21:00,Green,0.0011299849,163.67326,1.30661,1.30744,1.30631,1.30733
2022-04-07 22:00,Red,0.0011000633,163.60188,1.30737,1.3075,1.3064,1.30736
2022-04-07 23:00,Red,0.0006200075,163.45903,1.30735,1.30759,1.30697,1.30733
2022-04-08 00:00,Green,0.0015399456,163.4173,1.30728,1.30851,1.30697,1.30739
2022-04-08 01:00,Red,0.00078999996,163.48875,1.30736,1.30762,1.30683,1.30707
2022-04-08 02:00,Red,0.0006599426,163.37558,1.30705,1.30719,1.30653,1.30681
2022-04-08 03:00,Green,0.001060009,163.26248,1.30682,1.30746,1.3064,1.30693
2022-04-08 04:00,Green,0.0010199547,162.95885,1.30692,1.30767,1.30665,1.30717
2022-04-08 05:00,Red,0.0007699728,162.56595,1.30717,1.30731,1.30654,1.30678
2022-04-08 06:00,Green,0.000680089,162.26836,1.30679,1.3071,1.30642,1.30691
2022-04-08 07:00,Red,0.000880003,162.14929,1.30691,1.30691,1.30603,1.30604
2022-04-08 08:00,Green,0.0013600588,161.51236,1.30603,1.30733,1.30597,1.30707
2022-04-08 09:00,Red,0.0030400753,162.14339,1.30707,1.3071,1.30406,1.30412
2022-04-08 10:00,Red,0.0021400452,161.70891,1.30411,1.30469,1.30255,1.30407
2022-04-08 11:00,Green,0.0016000271,161.21481,1.30407,1.30542,1.30382,1.30432
2022-04-08 12:00,Red,0.0014100075,160.45294,1.30431,1.30495,1.30354,1.30423
2022-04-08 13:00,Red,0.0013699532,159.9231,1.30423,1.30518,1.30381,1.30418
2022-04-08 14:00,Red,0.0022399426,159.82184,1.30419,1.3044,1.30216,1.30307
2022-04-08 15:00,Red,0.0019199848,159.65515,1.30307,1.30316,1.30124,1.30224
2022-04-08 16:00,Red,0.004540086,160.5779,1.30225,1.3027,1.29816,1.29837
2022-04-08 17:00,Green,0.0028500557,160.9886,1.29834,1.30112,1.29827,1.30061
2022-04-08 18:00,Green,0.002550006,160.79213,1.30062,1.30314,1.30059,1.30305
2022-04-08 19:00,Green,0.00074005127,160.3517,1.30303,1.30337,1.30263,1.30309
2022-04-08 20:00,Red,0.0010999441,159.97073,1.3031,1.30319,1.30209,1.30273
2022-04-08 21:00,Green,0.0014100075,160.21475,1.30273,1.30391,1.3025,1.30373
2022-04-08 22:00,Red,0.0007100105,160.1433,1.30373,1.30383,1.30312,1.30331
2022-04-08 23:00,Green,0.00059998035,160.07185,1.30334,1.30375,1.30315,1.30343
,,,,,,,
,,,,,,,
,,,,,,,
,,,,,,,
,,,,,,,
,,,,,,,
,,,,,,,
,,,,,,,
,,,,,,,
,,,,,,,
,,,,,,,
,,,,,,,
,,,,,,,
,,,,,,,
,,,,,,,
,,,,,,,
,,,,,,,
,,,,,,,
,,,,,,,
,,,,,,,
,,,,,,,
,,,,,,,
,,,,,,,
,,,,,,,
,,,,,,,
,,,,,,,
,,,,,,,
,,,,,,,
,,,,,,,
,,,,,,,
,,,,,,,
,,,,,,,
,,,,,,,
,,,,,,,
,,,,,,,
,,,,,,,
,,,,,,,
,,,,,,,
,,,,,,,
,,,,,,,
,,,,,,,
,,,,,,,
,,,,,,,
,,,,,,,
,,,,,,,
,,,,,,,
,,,,,,,
,,,,,,,
2022-04-11 00:00,Red,0.00054991245,160.00636,1.3026,1.3029,1.30235,1.30259
2022-04-11 01:00,Green,0.0011000633,160.19092,1.3029,1.30392,1.30282,1.30383
2022-04-11 02:00,Red,0.0009599924,160.32787,1.30384,1.30389,1.30293,1.30293
2022-04-11 03:00,Red,0.0011600256,160.18495,1.30293,1.30314,1.30198,1.30203
2022-04-11 04:00,Green,0.0016700029,160.33972,1.30202,1.30315,1.30148,1.30234
2022-04-11 05:00,Red,0.0017000437,160.48262,1.30234,1.3025,1.3008,1.3012
2022-04-11 06:00,Green,0.0007599592,160.47063,1.3012,1.30185,1.30109,1.30134
2022-04-11 07:00,Green,0.0006400347,160.39328,1.30134,1.30173,1.30109,1.30161
2022-04-11 08:00,Green,0.0014300346,160.38138,1.30161,1.30223,1.3008,1.30205
2022-04-11 09:00,Red,0.0032399893,161.30396,1.30197,1.30207,1.29883,1.29902
2022-04-11 10:00,Green,0.0038200617,162.6552,1.29906,1.30288,1.29906,1.30272
2022-04-11 11:00,Green,0.001420021,161.54803,1.30271,1.30349,1.30207,1.30282
2022-04-11 12:00,Green,0.0034199953,162.45879,1.30281,1.30563,1.30221,1.30519
2022-04-11 13:00,Red,0.0020600557,162.79216,1.30519,1.30552,1.30346,1.3044
2022-04-11 14:00,Red,0.002929926,163.06589,1.30441,1.30476,1.30183,1.30293
2022-04-11 15:00,Green,0.0018799305,162.80995,1.30293,1.30378,1.3019,1.30362
2022-04-11 16:00,Red,0.0018799305,161.78014,1.30359,1.30369,1.30181,1.30252
2022-04-11 17:00,Green,0.0022200346,159.6492,1.30253,1.30424,1.30202,1.30393
2022-04-11 18:00,Red,0.0015200377,158.40518,1.30394,1.30462,1.3031,1.30313
2022-04-11 19:00,Red,0.0009698868,157.94083,1.30314,1.30324,1.30227,1.30242
2022-04-11 20:00,Neutral,0.0015300512,157.88132,1.30241,1.30341,1.30188,1.30241
2022-04-11 21:00,Green,0.0015900135,158.0778,1.30241,1.3038,1.30221,1.30324
2022-04-11 22:00,Red,0.0012899637,157.87541,1.30324,1.30347,1.30218,1.30226
2022-04-11 23:00,Green,0.0006799698,157.47664,1.30226,1.30285,1.30217,1.30284
2022-04-12 00:00,Green,0.0005300045,157.0242,1.30284,1.303,1.30247,1.30291
2022-04-12 01:00,Red,0.00051009655,156.35167,1.30288,1.30315,1.30264,1.30266
2022-04-12 02:00,Red,0.0007799864,156.30405,1.30265,1.30286,1.30208,1.3022
2022-04-12 03:00,Red,0.0020400286,156.6076,1.30222,1.30374,1.3017,1.30197
2022-04-12 04:00,Red,0.0015900135,157.14334,1.30195,1.30195,1.30036,1.30161
2022-04-12 05:00,Green,0.0014600754,157.10765,1.30161,1.30253,1.30107,1.3018
2022-04-12 06:00,Green,0.00055003166,156.6077,1.30181,1.30234,1.30179,1.3023
2022-04-12 07:00,Green,0.0008200407,156.73868,1.3023,1.3031,1.30228,1.30252
2022-04-12 08:00,Red,0.001330018,156.9827,1.30253,1.30341,1.30208,1.30236
2022-04-12 09:00,Red,0.0022898912,157.32791,1.30224,1.30254,1.30025,1.30126
2022-04-12 10:00,Green,0.0017800331,157.32196,1.30126,1.30188,1.3001,1.30144
2022-04-12 11:00,Red,0.0014300346,157.32204,1.30145,1.30146,1.30003,1.30024
2022-04-12 12:00,Green,0.0015799999,157.59587,1.30024,1.30091,1.29933,1.30074
2022-04-12 13:00,Green,0.0019899607,157.72678,1.30075,1.30214,1.30015,1.30139
2022-04-12 14:00,Green,0.0011700392,157.56012,1.30138,1.30215,1.30098,1.30215
2022-04-12 15:00,Green,0.004400015,158.5839,1.30214,1.30493,1.30053,1.30484
2022-04-12 16:00,Red,0.0020400286,158.13155,1.30481,1.30531,1.30327,1.30358
2022-04-12 17:00,Green,0.0014400482,157.41728,1.30361,1.30504,1.3036,1.30362
2022-04-12 18:00,Red,0.0013900995,157.36972,1.30362,1.30428,1.30289,1.30297
2022-04-12 19:00,Red,0.002910018,158.36385,1.30297,1.30446,1.30155,1.30216
2022-04-12 20:00,Red,0.0012199879,158.29237,1.30216,1.30247,1.30125,1.30137
2022-04-12 21:00,Red,0.0013599396,158.27443,1.30137,1.3014,1.30004,1.30038
2022-04-12 22:00,Red,0.0006799698,158.14343,1.30038,1.30053,1.29985,1.30012
2022-04-12 23:00,Red,0.00025999546,157.90536,1.30011,1.30016,1.2999,1.29997
2022-04-13 00:00,Green,0.00046992302,157.00052,1.29997,1.30018,1.29971,1.30005
2022-04-13 01:00,Red,0.00037002563,156.45882,1.30013,1.30034,1.29997,1.30012
2022-04-13 02:00,Green,0.0004899502,156.35764,1.30009,1.30036,1.29987,1.30012
2022-04-13 03:00,Red,0.0018799305,156.58385,1.30012,1.30055,1.29867,1.29917
2022-04-13 04:00,Green,0.0014100075,156.78026,1.29918,1.30055,1.29914,1.30048
2022-04-13 05:00,Green,0.0009599924,157.02429,1.30049,1.30132,1.30036,1.30118
2022-04-13 06:00,Green,0.0007100105,156.89934,1.30119,1.30139,1.30068,1.30121
2022-04-13 07:00,Red,0.0012899637,157.38745,1.3012,1.30124,1.29995,1.30032
2022-04-13 08:00,Green,0.0015300512,157.63147,1.30031,1.30135,1.29982,1.30117
2022-04-13 09:00,Red,0.0044299364,159.33383,1.3011,1.30254,1.29811,1.29814
2022-04-13 10:00,Green,0.0027999878,160.14934,1.29815,1.30005,1.29725,1.29988
2022-04-13 11:00,Green,0.0020099878,160.43501,1.29989,1.30154,1.29953,1.30061
2022-04-13 12:00,Green,0.0021800995,161.17915,1.30061,1.30148,1.2993,1.30117
2022-04-13 13:00,Red,0.0013599396,160.21484,1.30117,1.30125,1.29989,1.30015
2022-04-13 14:00,Red,0.0027400255,161.08386,1.30015,1.3024,1.29966,1.29992
2022-04-13 15:00,Red,0.0023399591,160.85168,1.29992,1.30135,1.29901,1.29941
2022-04-13 16:00,Green,0.0025599003,161.16113,1.2994,1.30176,1.2992,1.30094
2022-04-13 17:00,Green,0.003430009,162.1671,1.30095,1.30405,1.30062,1.3037
2022-04-13 18:00,Green,0.00395,163.65515,1.3037,1.30747,1.30352,1.30702
2022-04-13 19:00,Green,0.0032399893,164.55984,1.30702,1.31025,1.30701,1.30929
2022-04-13 20:00,Red,0.0019700527,165.2385,1.3093,1.31094,1.30897,1.30911
2022-04-13 21:00,Green,0.0024700165,165.46465,1.30912,1.31127,1.3088,1.31088
2022-04-13 22:00,Green,0.0009599924,165.61942,1.31086,1.31142,1.31046,1.31089
2022-04-13 23:00,Green,0.000880003,165.83966,1.31089,1.31167,1.31079,1.31156
2022-04-14 00:00,Red,0.0023200512,166.7861,1.31157,1.31163,1.30931,1.31145
2022-04-14 01:00,Green,0.0004900694,166.7028,1.31139,1.31181,1.31132,1.31167
2022-04-14 02:00,Green,0.00068998337,166.83968,1.31169,1.31226,1.31157,1.31182
2022-04-14 03:00,Red,0.0017899275,167.29204,1.31183,1.31301,1.31122,1.31153
2022-04-14 04:00,Green,0.0027999878,168.41699,1.31153,1.31406,1.31126,1.31362
2022-04-14 05:00,Red,0.00074994564,168.22653,1.31363,1.31363,1.31288,1.3129
2022-04-14 06:00,Green,0.001079917,168.59554,1.31291,1.31396,1.31288,1.31344
2022-04-14 07:00,Green,0.0008599758,168.07166,1.31343,1.31383,1.31297,1.31374
2022-04-14 08:00,Red,0.0012999773,167.8514,1.31375,1.31444,1.31314,1.3132
2022-04-14 09:00,Green,0.001619935,167.72041,1.31319,1.31468,1.31306,1.31418
2022-04-14 10:00,Red,0.0017299652,167.55371,1.31418,1.3144,1.31267,1.31307
2022-04-14 11:00,Green,0.0013799667,167.30373,1.31308,1.31395,1.31257,1.31347
2022-04-14 12:00,Red,0.001760006,166.99422,1.31346,1.31454,1.31278,1.31335
2022-04-14 13:00,Red,0.0017000437,166.63112,1.31336,1.31385,1.31215,1.31329
2022-04-14 14:00,Red,0.003039956,167.60728,1.31329,1.31458,1.31154,1.31158
2022-04-14 15:00,Red,0.0030200481,168.4585,1.31161,1.31241,1.30939,1.30955
2022-04-14 16:00,Red,0.00612998,170.22038,1.3096,1.30965,1.30352,1.30362
2022-04-14 17:00,Green,0.0020899773,168.20248,1.30368,1.30536,1.30327,1.30466
2022-04-14 18:00,Green,0.0025399923,167.73225,1.30465,1.30688,1.30434,1.30505
2022-04-14 19:00,Green,0.0022999048,167.93456,1.30506,1.30728,1.30498,1.30567
2022-04-14 20:00,Green,0.0020400286,168.35123,1.30566,1.30762,1.30558,1.3076
2022-04-14 21:00,Green,0.00090003014,167.80357,1.30759,1.30818,1.30728,1.3076
2022-04-14 22:00,Red,0.0006198883,167.21419,1.30759,1.30798,1.30736,1.30748
2022-04-14 23:00,Red,0.0012699366,167.38676,1.30747,1.30809,1.30682,1.30693
2022-04-15 00:00,Red,0.002010107,167.66655,1.3074,1.30771,1.3057,1.30713
2022-04-15 01:00,Red,0.0006200075,167.42842,1.30713,1.30727,1.30665,1.30706
2022-04-15 02:00,Red,0.0022599697,168.51768,1.30708,1.30734,1.30508,1.30628
2022-04-15 03:00,Red,0.0023400784,169.0535,1.30627,1.30638,1.30404,1.30558
2022-04-15 04:00,Red,0.0015500784,169.20824,1.30558,1.30594,1.30439,1.3053
2022-04-15 05:00,Green,0.0016700029,169.36897,1.30529,1.30685,1.30518,1.30651
2022-04-15 06:00,Red,0.0011299849,169.57729,1.30651,1.30654,1.30541,1.30616
2022-04-15 07:00,Green,0.0014699697,169.84514,1.30616,1.30694,1.30547,1.30669
2022-04-15 08:00,Red,0.0017199516,169.89873,1.30669,1.30685,1.30513,1.30608
2022-04-15 09:00,Red,0.0019299984,169.91057,1.30608,1.30641,1.30448,1.30547
2022-04-15 10:00,Green,0.0022099018,170.17838,1.30546,1.30738,1.30517,1.30725
2022-04-15 11:00,Red,0.0019099712,169.21408,1.30722,1.30733,1.30542,1.30645
2022-04-15 12:00,Green,0.0012398958,169.0533,1.3064,1.30702,1.30578,1.30657
2022-04-15 13:00,Red,0.00078999996,168.16043,1.30651,1.30708,1.30629,1.30632
2022-04-15 14:00,Neutral,0.0014699697,168.20207,1.30632,1.30698,1.30551,1.30632
2022-04-15 15:00,Green,0.0010800362,168.02951,1.30632,1.30708,1.306,1.30651
2022-04-15 16:00,Red,0.00060999393,167.0593,1.30642,1.30669,1.30608,1.30636
2022-04-15 17:00,Red,0.0009499788,166.11885,1.30636,1.30681,1.30586,1.30602
2022-04-15 18:00,Red,0.00037992,164.94026,1.306,1.30616,1.30578,1.30589
2022-04-15 19:00,Green,0.00045001507,164.52357,1.30585,1.30617,1.30572,1.30612
2022-04-15 20:00,Green,0.00020003319,163.99979,1.30613,1.30621,1.30601,1.30619
2022-04-15 21:00,Green,0.00065004826,161.1486,1.30618,1.30666,1.30601,1.30641
2022-04-15 22:00,Red,0.0009499788,160.7914,1.3064,1.30658,1.30563,1.3062
2022-04-15 23:00,Red,0.0013999939,160.97597,1.30635,1.30649,1.30509,1.30549
,,,,,,,
,,,,,,,
,,,,,,,
,,,,,,,
,,,,,,,
,,,,,,,
,,,,,,,
,,,,,,,
,,,,,,,
,,,,,,,
,,,,,,,
,,,,,,,
,,,,,,,
,,,,,,,
,,,,,,,
,,,,,,,
,,,,,,,
,,,,,,,
,,,,,,,
,,,,,,,
,,,,,,,
,,,,,,,
,,,,,,,
,,,,,,,
,,,,,,,
,,,,,,,
,,,,,,,
,,,,,,,
,,,,,,,
,,,,,,,
,,,,,,,
,,,,,,,
,,,,,,,
,,,,,,,
,,,,,,,
,,,,,,,
,,,,,,,
,,,,,,,
,,,,,,,
,,,,,,,
,,,,,,,
,,,,,,,
,,,,,,,
,,,,,,,
,,,,,,,
,,,,,,,
,,,,,,,
,,,,,,,
2022-04-18 00:00,Green,0.0009900331,160.607,1.30442,1.3054,1.30441,1.30496
2022-04-18 01:00,Green,0.0014699697,160.83908,1.305,1.30642,1.30495,1.30631
2022-04-18 02:00,Red,0.001060009,161.13072,1.30631,1.30633,1.30527,1.30563
2022-04-18 03:00,Red,0.002300024,161.76765,1.30563,1.30574,1.30344,1.30439
2022-04-18 04:00,Green,0.0013899803,161.73792,1.30438,1.30524,1.30385,1.30481
2022-04-18 05:00,Red,0.0014699697,162.11292,1.30482,1.30503,1.30356,1.30381
2022-04-18 06:00,Red,0.001330018,162.43436,1.30382,1.30384,1.30251,1.30265
2022-04-18 07:00,Red,0.0012500286,162.69626,1.30265,1.30305,1.3018,1.30213
2022-04-18 08:00,Green,0.00075006485,162.51773,1.30213,1.30285,1.3021,1.30261
2022-04-18 09:00,Red,0.00076007843,162.35707,1.30262,1.30286,1.3021,1.30214
2022-04-18 10:00,Red,0.0020899773,162.33322,1.30214,1.30267,1.30058,1.30088
2022-04-18 11:00,Green,0.0010000467,161.75594,1.30088,1.30179,1.30079,1.30142
2022-04-18 12:00,Red,0.0009900331,160.82736,1.30142,1.30196,1.30097,1.30122
2022-04-18 13:00,Green,0.0018099546,160.4762,1.30121,1.30275,1.30094,1.30272
2022-04-18 14:00,Green,0.0012499094,159.77371,1.30273,1.30396,1.30271,1.30386
2022-04-18 15:00,Red,0.0014801025,159.51181,1.30387,1.30446,1.30298,1.30361
2022-04-18 16:00,Red,0.0017399788,159.40466,1.3036,1.30442,1.30268,1.30285
2022-04-18 17:00,Red,0.0020099878,158.91653,1.30289,1.30336,1.30135,1.30179
2022-04-18 18:00,Red,0.000880003,158.55345,1.30178,1.30246,1.30158,1.30177
2022-04-18 19:00,Red,0.0016700029,159.02966,1.30179,1.30209,1.30042,1.3009
2022-04-18 20:00,Green,0.0010499954,158.44034,1.3009,1.30185,1.3008,1.30151
2022-04-18 21:00,Red,0.00076007843,158.22015,1.3015,1.30157,1.30081,1.30082
2022-04-18 22:00,Green,0.00050008297,157.86302,1.30083,1.30094,1.30044,1.30087
2022-04-18 23:00,Green,0.00060999393,157.85706,1.30087,1.30132,1.30071,1.30109
2022-04-19 00:00,Red,0.00059998035,157.29756,1.30109,1.3011,1.3005,1.30074
2022-04-19 01:00,Green,0.00050997734,157.13089,1.30075,1.30124,1.30073,1.30093
2022-04-19 02:00,Red,0.0010800362,157.38094,1.30083,1.30113,1.30005,1.3007
2022-04-19 03:00,Red,0.0016599894,157.73807,1.3007,1.30186,1.3002,1.30056
2022-04-19 04:00,Red,0.0010000467,157.72621,1.30056,1.30104,1.30004,1.30048
2022-04-19 05:00,Red,0.0017499924,158.30956,1.30048,1.30063,1.29888,1.29964
2022-04-19 06:00,Green,0.0013400316,158.70238,1.29963,1.30067,1.29933,1.30043
2022-04-19 07:00,Red,0.0016299486,159.14877,1.30043,1.30091,1.29928,1.29985
2022-04-19 08:00,Red,0.001439929,159.19632,1.29984,1.30017,1.29873,1.29968
2022-04-19 09:00,Green,0.0022399426,158.72005,1.29967,1.30105,1.29881,1.30064
2022-04-19 10:00,Green,0.0014901161,158.33318,1.30063,1.30157,1.30008,1.30145
2022-04-19 11:00,Green,0.00285995,159.08315,1.30146,1.30396,1.3011,1.30396
2022-04-19 12:00,Red,0.001709938,159.26166,1.304,1.30404,1.30233,1.30282
2022-04-19 13:00,Green,0.0020599365,159.67238,1.30283,1.30345,1.30139,1.30292
2022-04-19 14:00,Red,0.0024499893,159.7974,1.30292,1.30294,1.30049,1.3016
2022-04-19 15:00,Red,0.002750039,160.29147,1.30162,1.30241,1.29966,1.30006
2022-04-19 16:00,Green,0.0024499893,159.04736,1.30006,1.30046,1.29801,1.30017
2022-04-19 17:00,Red,0.0020099878,158.54732,1.30016,1.30076,1.29875,1.2989
2022-04-19 18:00,Green,0.0024900436,158.51161,1.29889,1.30117,1.29868,1.30091
2022-04-19 19:00,Red,0.0009900331,158.66042,1.30092,1.30112,1.30013,1.30066
2022-04-19 20:00,Red,0.0015799999,158.94617,1.30066,1.30145,1.29987,1.29993
2022-04-19 21:00,Red,0.0010200739,158.71407,1.29992,1.30016,1.29914,1.29985
2022-04-19 22:00,Green,0.0011000633,158.94623,1.29984,1.30024,1.29914,1.30019
2022-04-19 23:00,Red,0.00065004826,158.97603,1.3002,1.30021,1.29956,1.29961
2022-04-20 00:00,Green,0.0008599758,159.1606,1.29941,1.29985,1.29899,1.29972
2022-04-20 01:00,Green,0.0011600256,159.19629,1.29969,1.30085,1.29969,1.30085
2022-04-20 02:00,Green,0.0009698868,159.20218,1.3009,1.3014,1.30043,1.30135
2022-04-20 03:00,Green,0.000880003,159.03549,1.30136,1.30199,1.30111,1.30184
2022-04-20 04:00,Green,0.0019900799,159.22603,1.30184,1.30305,1.30106,1.30283
2022-04-20 05:00,Green,0.001330018,159.00578,1.30282,1.30363,1.3023,1.3029
2022-04-20 06:00,Green,0.0016000271,159.50583,1.30293,1.30449,1.30289,1.30407
2022-04-20 07:00,Red,0.0010299683,159.73792,1.30406,1.30433,1.3033,1.30359
2022-04-20 08:00,Red,0.00093996525,159.44621,1.30357,1.30362,1.30268,1.30293
2022-04-20 09:00,Red,0.0022000074,158.82718,1.30289,1.30379,1.30159,1.3023
2022-04-20 10:00,Red,0.0023200512,157.9343,1.3023,1.30234,1.30002,1.30005
2022-04-20 11:00,Green,0.0035500526,159.20218,1.30005,1.30314,1.29959,1.3029
2022-04-20 12:00,Green,0.0018800497,158.28554,1.30291,1.30411,1.30223,1.30308
2022-04-20 13:00,Green,0.0035700798,159.18436,1.30308,1.30657,1.303,1.3057
2022-04-20 14:00,Red,0.0012800694,158.20232,1.3057,1.30611,1.30483,1.30515
2022-04-20 15:00,Green,0.002499938,158.57137,1.30515,1.30573,1.30323,1.30545
2022-04-20 16:00,Red,0.0018600225,158.5595,1.30546,1.30651,1.30465,1.30516
2022-04-20 17:00,Red,0.0026899576,158.83922,1.30516,1.30608,1.30339,1.30467
2022-04-20 18:00,Green,0.0022300482,159.26184,1.30467,1.30585,1.30362,1.30533
2022-04-20 19:00,Red,0.0018700361,159.79765,1.30532,1.30645,1.30458,1.30502
2022-04-20 20:00,Green,0.000880003,159.41072,1.30504,1.30575,1.30487,1.30572
2022-04-20 21:00,Red,0.0017499924,159.50595,1.30573,1.30704,1.30529,1.30559
2022-04-20 22:00,Green,0.001150012,159.42264,1.30561,1.30646,1.30531,1.3063
2022-04-20 23:00,Green,0.0007699728,159.47623,1.30626,1.30686,1.30609,1.30671
2022-04-21 00:00,Red,0.0021800995,160.45842,1.30666,1.30666,1.30448,1.30583
2022-04-21 01:00,Green,0.0016399622,161.13098,1.30601,1.30733,1.30569,1.30723
2022-04-21 02:00,Red,0.0009499788,161.23215,1.30723,1.30729,1.30634,1.30674
2022-04-21 03:00,Red,0.0021499395,161.29758,1.30675,1.30679,1.30464,1.30521
2022-04-21 04:00,Green,0.0011299849,161.02376,1.30522,1.3061,1.30497,1.30544
2022-04-21 05:00,Red,0.0011199713,160.82132,1.30545,1.3057,1.30458,1.30458
2022-04-21 06:00,Red,0.0007200241,160.9225,1.30456,1.30489,1.30417,1.30446
2022-04-21 07:00,Green,0.001060009,161.06534,1.30446,1.3055,1.30444,1.30509
2022-04-21 08:00,Green,0.0014400482,161.13083,1.30508,1.30644,1.305,1.30515
2022-04-21 09:00,Green,0.0032000542,161.67259,1.30516,1.30811,1.30491,1.30797
2022-04-21 10:00,Red,0.0019199848,161.7559,1.30797,1.3082,1.30628,1.30743
2022-04-21 11:00,Red,0.002640009,162.47612,1.30743,1.30744,1.3048,1.30595
2022-04-21 12:00,Green,0.0009499788,162.1011,1.30597,1.30662,1.30567,1.30629
2022-04-21 13:00,Green,0.002910018,162.64877,1.30628,1.30896,1.30605,1.3065
2022-04-21 14:00,Red,0.0036200285,164.1071,1.3065,1.30655,1.30293,1.3032
2022-04-21 15:00,Green,0.0023800135,162.90471,1.30319,1.30476,1.30238,1.30466
2022-04-21 16:00,Green,0.0032199621,163.60706,1.30466,1.30758,1.30436,1.30617
2022-04-21 17:00,Red,0.0039800406,165.11894,1.30616,1.30656,1.30258,1.30307
2022-04-21 18:00,Green,0.0031199455,166.14862,1.30309,1.3053,1.30218,1.30429
2022-04-21 19:00,Red,0.0016900301,165.42244,1.30429,1.3047,1.30301,1.30348
2022-04-21 20:00,Green,0.0015900135,165.6427,1.30346,1.30473,1.30314,1.30384
2022-04-21 21:00,Red,0.0015400648,165.74992,1.30384,1.30384,1.3023,1.30269
2022-04-21 22:00,Green,0.0008100271,165.82732,1.30268,1.30302,1.30221,1.30289
2022-04-21 23:00,Red,0.000880003,166.19638,1.30286,1.3033,1.30242,1.30276
2022-04-22 00:00,Green,0.00093996525,166.47617,1.30279,1.30325,1.30231,1.30325
2022-04-22 01:00,Red,0.0004899502,166.54753,1.30326,1.30333,1.30284,1.30322
2022-04-22 02:00,Red,0.001150012,166.94044,1.30321,1.30348,1.30233,1.30238
2022-04-22 03:00,Red,0.0016200542,166.78575,1.30242,1.30314,1.30152,1.30227
2022-04-22 04:00,Green,0.0011498928,166.63094,1.30226,1.30307,1.30192,1.30241
2022-04-22 05:00,Red,0.000770092,166.5179,1.30242,1.3027,1.30193,1.30214
2022-04-22 06:00,Red,0.0012999773,166.86906,1.30214,1.30233,1.30103,1.30197
2022-04-22 07:00,Green,0.0012500286,166.84529,1.30197,1.30302,1.30177,1.30258
2022-04-22 08:00,Red,0.001529932,166.84523,1.30258,1.30324,1.30171,1.30243
2022-04-22 09:00,Red,0.0067300797,168.21436,1.30232,1.30262,1.29589,1.29648
2022-04-22 10:00,Red,0.0067499876,170.56555,1.2965,1.29679,1.29004,1.29068
2022-04-22 11:00,Red,0.003430009,171.4108,1.29068,1.29166,1.28823,1.28865
2022-04-22 12:00,Red,0.003469944,172.17859,1.28866,1.28964,1.28617,1.28673
2022-04-22 13:00,Green,0.0044600964,174.02391,1.28673,1.29085,1.28639,1.29082
2022-04-22 14:00,Red,0.001850009,173.49411,1.29081,1.29156,1.28971,1.29022
2022-04-22 15:00,Red,0.002820015,173.77988,1.29023,1.29026,1.28744,1.288
2022-04-22 16:00,Red,0.003810048,174.52402,1.28804,1.28941,1.2856,1.28713
2022-04-22 17:00,Red,0.004169941,174.96445,1.28713,1.28797,1.2838,1.28422
2022-04-22 18:00,Green,0.0016599894,173.60135,1.2842,1.28562,1.28396,1.28462
2022-04-22 19:00,Red,0.001940012,172.82758,1.28461,1.28476,1.28282,1.28359
2022-04-22 20:00,Red,0.0013700724,172.47044,1.28357,1.28444,1.28307,1.28342
2022-04-22 21:00,Red,0.001979947,172.17874,1.28341,1.28421,1.28223,1.28239
2022-04-22 22:00,Green,0.0016599894,172.5954,1.28239,1.28405,1.28239,1.28273
2022-04-22 23:00,Green,0.0013200045,172.8573,1.28275,1.284,1.28268,1.2832
,,,,,,,
,,,,,,,
,,,,,,,
,,,,,,,
,,,,,,,
,,,,,,,
,,,,,,,
,,,,,,,
,,,,,,,
,,,,,,,
,,,,,,,
,,,,,,,
,,,,,,,
,,,,,,,
,,,,,,,
,,,,,,,
,,,,,,,
,,,,,,,
,,,,,,,
,,,,,,,
,,,,,,,
,,,,,,,
,,,,,,,
,,,,,,,
,,,,,,,
,,,,,,,
,,,,,,,
,,,,,,,
,,,,,,,
,,,,,,,
,,,,,,,
,,,,,,,
,,,,,,,
,,,,,,,
,,,,,,,
,,,,,,,
,,,,,,,
,,,,,,,
,,,,,,,
,,,,,,,
,,,,,,,
,,,,,,,
,,,,,,,
,,,,,,,
,,,,,,,
,,,,,,,
,,,,,,,
,,,,,,,
2022-04-25 00:00,Green,0.0011399984,172.15488,1.28284,1.28393,1.28279,1.28331
2022-04-25 01:00,Red,0.0013200045,172.6489,1.28347,1.28383,1.28251,1.28287
2022-04-25 02:00,Red,0.0006700754,172.63704,1.28287,1.28321,1.28254,1.28273
2022-04-25 03:00,Red,0.0012999773,172.3454,1.28269,1.28292,1.28162,1.28208
2022-04-25 04:00,Red,0.0033800602,172.69066,1.28208,1.28252,1.27914,1.27969
2022-04-25 05:00,Green,0.0008300543,172.73836,1.27969,1.2803,1.27947,1.28018
2022-04-25 06:00,Green,0.0011900663,172.80392,1.28019,1.28103,1.27984,1.28046
2022-04-25 07:00,Red,0.0011399984,172.9706,1.28047,1.28072,1.27958,1.27992
2022-04-25 08:00,Red,0.001420021,173.04205,1.27992,1.28071,1.27929,1.27974
2022-04-25 09:00,Red,0.007689953,176.65517,1.27974,1.28052,1.27283,1.273
2022-04-25 10:00,Green,0.002949953,177.38136,1.27301,1.27579,1.27284,1.2749
2022-04-25 11:00,Red,0.002820015,178.23854,1.27489,1.27654,1.27372,1.27462
2022-04-25 12:00,Red,0.0022599697,178.53612,1.27462,1.27484,1.27258,1.27266
2022-04-25 13:00,Red,0.002120018,178.7861,1.27265,1.27292,1.2708,1.27085
2022-04-25 14:00,Green,0.004600048,179.71472,1.27086,1.27506,1.27046,1.27494
2022-04-25 15:00,Red,0.0021899939,179.22063,1.27492,1.27543,1.27324,1.27365
2022-04-25 16:00,Red,0.0018099546,176.6492,1.27364,1.27375,1.27194,1.27313
2022-04-25 17:00,Red,0.0025199652,176.90514,1.27312,1.27362,1.2711,1.27125
2022-04-25 18:00,Red,0.0022300482,176.72064,1.27124,1.27225,1.27002,1.27002
2022-04-25 19:00,Green,0.0037299395,177.57185,1.27003,1.2734,1.26967,1.27292
2022-04-25 20:00,Green,0.0013999939,177.19089,1.27291,1.27351,1.27211,1.27349
2022-04-25 21:00,Red,0.0016200542,177.61946,1.27348,1.27433,1.27271,1.27322
2022-04-25 22:00,Green,0.0015000105,178.14336,1.2732,1.27431,1.27281,1.27396
2022-04-25 23:00,Red,0.00080001354,177.86365,1.27396,1.27442,1.27362,1.27393
2022-04-26 00:00,Green,0.002460003,178.13144,1.27393,1.27433,1.27187,1.27416
2022-04-26 01:00,Red,0.00078999996,178.23264,1.27416,1.27434,1.27355,1.27398
2022-04-26 02:00,Red,0.00054991245,177.21474,1.27402,1.27402,1.27347,1.27369
2022-04-26 03:00,Green,0.0017199516,176.84563,1.27371,1.27473,1.27301,1.27457
2022-04-26 04:00,Red,0.0015799999,176.86343,1.27453,1.27512,1.27354,1.27452
2022-04-26 05:00,Green,0.0017199516,176.89317,1.27453,1.27624,1.27452,1.2762
2022-04-26 06:00,Green,0.001259923,176.97052,1.2762,1.27719,1.27593,1.27657
2022-04-26 07:00,Red,0.000880003,176.61934,1.27656,1.27679,1.27591,1.27607
2022-04-26 08:00,Red,0.00078999996,176.0658,1.27607,1.27612,1.27533,1.27555
2022-04-26 09:00,Red,0.0027400255,176.54796,1.27556,1.27591,1.27317,1.27385
2022-04-26 10:00,Red,0.0032299757,177.15515,1.27383,1.27425,1.27102,1.27121
2022-04-26 11:00,Green,0.0019000769,177.14925,1.27121,1.27302,1.27112,1.27207
2022-04-26 12:00,Red,0.0021599531,177.6969,1.27206,1.27262,1.27046,1.27131
2022-04-26 13:00,Green,0.0017200708,178.25052,1.27131,1.27242,1.2707,1.27134
2022-04-26 14:00,Red,0.0031000376,179.22083,1.27136,1.27162,1.26852,1.26852
2022-04-26 15:00,Red,0.0020500422,179.7982,1.2685,1.26898,1.26693,1.26795
2022-04-26 16:00,Green,0.0029599667,181.19699,1.26796,1.26972,1.26676,1.26841
2022-04-26 17:00,Red,0.0066200495,184.57204,1.2684,1.26845,1.26183,1.26185
2022-04-26 18:00,Red,0.0028300285,186.03043,1.26182,1.26368,1.26085,1.26141
2022-04-26 19:00,Red,0.0021800995,187.06023,1.26142,1.26215,1.25997,1.26108
2022-04-26 20:00,Red,0.0027199984,188.56021,1.26108,1.26139,1.25867,1.25889
2022-04-26 21:00,Red,0.0015200377,189.07806,1.25889,1.25986,1.25834,1.25867
2022-04-26 22:00,Green,0.00087988377,189.03635,1.25867,1.25891,1.25803,1.25888
2022-04-26 23:00,Red,0.0018399954,189.29825,1.25887,1.25888,1.25704,1.25724
2022-04-27 00:00,Red,0.0009499788,189.27441,1.25731,1.25788,1.25693,1.2571
2022-04-27 01:00,Green,0.0019100904,189.5364,1.25712,1.25784,1.25593,1.25766
2022-04-27 02:00,Green,0.0010399818,189.52448,1.25766,1.25868,1.25764,1.25808
2022-04-27 03:00,Red,0.0016099215,189.1137,1.25807,1.25849,1.25688,1.25805
2022-04-27 04:00,Green,0.0012799501,189.04822,1.25804,1.25867,1.25739,1.25839
2022-04-27 05:00,Red,0.00116992,188.8696,1.25838,1.25911,1.25794,1.25796
2022-04-27 06:00,Red,0.00094008446,188.6375,1.25797,1.25847,1.25753,1.25795
2022-04-27 07:00,Green,0.0010800362,188.53632,1.25796,1.25846,1.25738,1.25842
2022-04-27 08:00,Green,0.001439929,188.94695,1.25841,1.2597,1.25826,1.25933
2022-04-27 09:00,Red,0.0029900074,190.27428,1.25928,1.25956,1.25657,1.25732
2022-04-27 10:00,Red,0.0038700104,191.33382,1.25735,1.25796,1.25409,1.25718
2022-04-27 11:00,Red,0.0041999817,193.23856,1.25719,1.25774,1.25354,1.25375
2022-04-27 12:00,Green,0.0063899755,196.4528,1.25373,1.26012,1.25373,1.25884
2022-04-27 13:00,Red,0.0024900436,196.8576,1.25884,1.26,1.25751,1.25882
2022-04-27 14:00,Red,0.0027599335,197.75644,1.25882,1.2592,1.25644,1.25656
2022-04-27 15:00,Red,0.004369974,199.4766,1.25655,1.25702,1.25265,1.25413
2022-04-27 16:00,Green,0.0041600466,200.91711,1.25413,1.25781,1.25365,1.25613
2022-04-27 17:00,Red,0.006250024,203.44096,1.25613,1.25644,1.25019,1.25025
2022-04-27 18:00,Green,0.004450083,205.566,1.25025,1.25468,1.25023,1.25435
2022-04-27 19:00,Green,0.003039956,206.38144,1.25434,1.25733,1.25429,1.25668
2022-04-27 20:00,Red,0.0014100075,206.59575,1.25669,1.25686,1.25545,1.25575
2022-04-27 21:00,Red,0.0025299788,207.64925,1.25575,1.25611,1.25358,1.25407
2022-04-27 22:00,Green,0.0011299849,208.0242,1.25407,1.25461,1.25348,1.25452
2022-04-27 23:00,Red,0.0009100437,208.2028,1.25451,1.25469,1.25378,1.25434
2022-04-28 00:00,Red,0.0006300211,208.2207,1.25432,1.2544,1.25377,1.25391
2022-04-28 01:00,Red,0.0009599924,208.48856,1.25391,1.25428,1.25332,1.25354
2022-04-28 02:00,Green,0.0007699728,208.30399,1.25354,1.25419,1.25342,1.25392
2022-04-28 03:00,Red,0.001330018,208.10756,1.25391,1.25393,1.2526,1.25318
2022-04-28 04:00,Green,0.0019299984,208.6611,1.25315,1.2545,1.25257,1.25433
2022-04-28 05:00,Red,0.0015599728,208.54802,1.25434,1.25437,1.25281,1.25393
2022-04-28 06:00,Red,0.0034899712,209.82773,1.25393,1.2543,1.25081,1.25106
2022-04-28 07:00,Green,0.0017299652,209.88725,1.25107,1.25251,1.25078,1.25151
2022-04-28 08:00,Green,0.0043998957,211.64914,1.25152,1.25347,1.24907,1.25212
2022-04-28 09:00,Green,0.0025900602,211.85754,1.25211,1.25407,1.25148,1.25395
2022-04-28 10:00,Green,0.0041199923,213.42294,1.25395,1.25693,1.25281,1.25558
2022-04-28 11:00,Red,0.00248003,213.19681,1.25557,1.25564,1.25316,1.25355
2022-04-28 12:00,Red,0.0035499334,214.29204,1.25354,1.25393,1.25038,1.25115
2022-04-28 13:00,Red,0.005390048,216.27425,1.25115,1.2517,1.24631,1.24645
2022-04-28 14:00,Red,0.005190015,217.9052,1.24644,1.24752,1.24233,1.24252
2022-04-28 15:00,Green,0.0054399967,219.5064,1.24252,1.24751,1.24207,1.24295
2022-04-28 16:00,Green,0.0033099651,220.01828,1.24301,1.24615,1.24284,1.24373
2022-04-28 17:00,Green,0.003180027,220.71475,1.24371,1.24425,1.24107,1.24383
2022-04-28 18:00,Red,0.0027399063,220.86351,1.24384,1.24628,1.24354,1.24383
2022-04-28 19:00,Green,0.0032000542,222.17899,1.24382,1.24694,1.24374,1.24635
2022-04-28 20:00,Red,0.0025999546,222.7861,1.24636,1.24733,1.24473,1.24488
2022-04-28 21:00,Green,0.0019199848,223.32178,1.24489,1.24657,1.24465,1.24612
2022-04-28 22:00,Green,0.0011899471,223.37527,1.24609,1.24702,1.24583,1.24668
2022-04-28 23:00,Red,0.0024399757,224.4407,1.24668,1.24683,1.24439,1.24511
2022-04-29 00:00,Green,0.0018099546,225.00618,1.24518,1.24579,1.24398,1.24554
2022-04-29 01:00,Green,0.00069999695,224.73235,1.24547,1.246,1.2453,1.24592
2022-04-29 02:00,Green,0.00073993206,224.59547,1.24591,1.24646,1.24572,1.24645
2022-04-29 03:00,Green,0.0022000074,225.38118,1.24646,1.24866,1.24646,1.24842
2022-04-29 04:00,Red,0.0013400316,224.99423,1.2484,1.24965,1.24831,1.24831
2022-04-29 05:00,Red,0.0021799803,225.50017,1.24832,1.24868,1.2465,1.24724
2022-04-29 06:00,Green,0.0016099215,225.50604,1.24725,1.24883,1.24722,1.24826
2022-04-29 07:00,Green,0.0019699335,226.06557,1.24816,1.24962,1.24765,1.24934
2022-04-29 08:00,Green,0.0026899576,227.10724,1.24935,1.25199,1.2493,1.25182
2022-04-29 09:00,Green,0.002229929,227.12505,1.25183,1.25359,1.25136,1.25355
2022-04-29 10:00,Green,0.004639983,228.50598,1.25351,1.257,1.25236,1.25588
2022-04-29 11:00,Red,0.0025399923,227.90474,1.25588,1.25745,1.25491,1.25524
2022-04-29 12:00,Green,0.0020899773,228.0297,1.25526,1.2571,1.25501,1.25604
2022-04-29 13:00,Green,0.0026299953,227.47012,1.25603,1.25795,1.25532,1.25679
2022-04-29 14:00,Red,0.0045200586,229.39867,1.25679,1.25854,1.25402,1.25554
2022-04-29 15:00,Red,0.0033900738,229.92853,1.25555,1.2566,1.25321,1.25454
2022-04-29 16:00,Green,0.0022499561,230.16064,1.25454,1.25587,1.25362,1.25538
2022-04-29 17:00,Green,0.0041099787,231.00586,1.25539,1.25705,1.25294,1.2555
2022-04-29 18:00,Green,0.0024199486,231.11888,1.2555,1.25729,1.25487,1.25643
2022-04-29 19:00,Green,0.0021599531,231.29147,1.25643,1.25778,1.25562,1.25774
2022-04-29 20:00,Green,0.0037299395,232.98782,1.25776,1.26141,1.25768,1.26048
2022-04-29 21:00,Red,0.0016000271,232.89856,1.26042,1.26073,1.25913,1.25981
2022-04-29 22:00,Red,0.002750039,233.85095,1.25983,1.25983,1.25708,1.2575
2022-04-29 23:00,Red,0.0016800165,234.39267,1.25753,1.25828,1.2566,1.25705
,,,,,,,
,,,,,,,
,,,,,,,
,,,,,,,
,,,,,,,
,,,,,,,
,,,,,,,
,,,,,,,
,,,,,,,
,,,,,,,
,,,,,,,
,,,,,,,
,,,,,,,
,,,,,,,
,,,,,,,
,,,,,,,
,,,,,,,
,,,,,,,
,,,,,,,
,,,,,,,
,,,,,,,
,,,,,,,
,,,,,,,
,,,,,,,
,,,,,,,
,,,,,,,
,,,,,,,
,,,,,,,
,,,,,,,
,,,,,,,
,,,,,,,
,,,,,,,
,,,,,,,
,,,,,,,
,,,,,,,
,,,,,,,
,,,,,,,
,,,,,,,
,,,,,,,
,,,,,,,
,,,,,,,
,,,,,,,
,,,,,,,
,,,,,,,
,,,,,,,
,,,,,,,
,,,,,,,
,,,,,,,
2022-05-02 00:00,Red,0.00069999695,233.51163,1.25807,1.25807,1.25737,1.25737
2022-05-02 01:00,Green,0.0014901161,233.42245,1.25737,1.25882,1.25733,1.25791
2022-05-02 02:00,Red,0.0015100241,233.75581,1.2579,1.25844,1.25693,1.25702
2022-05-02 03:00,Red,0.0030200481,234.2737,1.25701,1.25968,1.25666,1.25687
2022-05-02 04:00,Red,0.002139926,234.87488,1.25688,1.25762,1.25548,1.25588
2022-05-02 05:00,Red,0.0014600754,235.07732,1.25588,1.25653,1.25507,1.25579
2022-05-02 06:00,Neutral,0.001079917,235.29155,1.25579,1.25639,1.25531,1.25579
2022-05-02 07:00,Red,0.0011999607,235.37486,1.25579,1.25579,1.25459,1.25513
2022-05-02 08:00,Red,0.001420021,235.36293,1.25513,1.25533,1.25391,1.25419
2022-05-02 09:00,Green,0.0022799969,234.8153,1.25418,1.25642,1.25414,1.25601
2022-05-02 10:00,Green,0.0023399591,235.06529,1.25601,1.25807,1.25573,1.25734
2022-05-02 11:00,Red,0.0017399788,234.52956,1.25733,1.25871,1.25697,1.25723
2022-05-02 12:00,Green,0.0016300678,234.93436,1.25723,1.25802,1.25639,1.25737
2022-05-02 13:00,Red,0.001349926,234.00574,1.25738,1.25769,1.25634,1.25684
2022-05-02 14:00,Red,0.0015199184,232.75569,1.25685,1.25707,1.25555,1.25604
2022-05-02 15:00,Red,0.00327003,233.28543,1.25603,1.2567,1.25343,1.25365
2022-05-02 16:00,Green,0.0014799833,232.24977,1.25366,1.25491,1.25343,1.25374
2022-05-02 17:00,Red,0.004130006,232.339,1.25367,1.25467,1.25054,1.25187
2022-05-02 18:00,Green,0.0018100739,231.55934,1.25188,1.25212,1.25031,1.25208
2022-05-02 19:00,Red,0.0031399727,232.4224,1.25207,1.25242,1.24928,1.24973
2022-05-02 20:00,Red,0.0019899607,232.66046,1.24973,1.25,1.24801,1.2482
2022-05-02 21:00,Red,0.0015701056,232.67834,1.24819,1.24881,1.24724,1.24726
2022-05-02 22:00,Green,0.0019900799,233.38074,1.24727,1.24924,1.24725,1.24897
2022-05-02 23:00,Green,0.0009899139,233.44617,1.24897,1.24943,1.24844,1.24915
2022-05-03 00:00,Red,0.0012099743,233.6069,1.24849,1.24918,1.24797,1.24838
2022-05-03 01:00,Green,0.001380086,234.13675,1.24857,1.24995,1.24857,1.24961
2022-05-03 02:00,Green,0.00073993206,233.89265,1.24961,1.2499,1.24916,1.24988
2022-05-03 03:00,Green,0.0023999214,234.35684,1.24987,1.25207,1.24967,1.25192
2022-05-03 04:00,Green,0.001420021,234.51765,1.25191,1.25229,1.25087,1.25198
2022-05-03 05:00,Green,0.0012500286,234.80334,1.25198,1.25274,1.25149,1.25212
2022-05-03 06:00,Green,0.0015199184,234.93425,1.25211,1.25322,1.2517,1.25309
2022-05-03 07:00,Red,0.0029699802,235.95804,1.25308,1.25409,1.25112,1.25123
2022-05-03 08:00,Green,0.0015900135,235.99379,1.25125,1.25221,1.25062,1.25149
2022-05-03 09:00,Red,0.0024299622,233.4342,1.25148,1.25291,1.25048,1.25122
2022-05-03 10:00,Green,0.003919959,231.74968,1.2513,1.25449,1.25057,1.25368
2022-05-03 11:00,Green,0.0023399591,231.10081,1.25374,1.25551,1.25317,1.25405
2022-05-03 12:00,Red,0.0022499561,230.37463,1.25404,1.25404,1.25179,1.25222
2022-05-03 13:00,Red,0.0031799078,229.61261,1.25223,1.25243,1.24925,1.24942
2022-05-03 14:00,Green,0.0041799545,230.99948,1.24942,1.25343,1.24925,1.25315
2022-05-03 15:00,Green,0.0035699606,231.44592,1.25314,1.25668,1.25311,1.25571
2022-05-03 16:00,Red,0.003700018,231.3804,1.25571,1.25659,1.25289,1.25386
2022-05-03 17:00,Red,0.003720045,231.11258,1.2538,1.2544,1.25068,1.25113
2022-05-03 18:00,Red,0.0020899773,231.36853,1.25113,1.25263,1.25054,1.25094
2022-05-03 19:00,Red,0.0022900105,231.57684,1.25091,1.25094,1.24865,1.24876
2022-05-03 20:00,Green,0.0026999712,232.36844,1.24876,1.25142,1.24872,1.24961
2022-05-03 21:00,Red,0.0029599667,232.95178,1.24961,1.24997,1.24701,1.24903
2022-05-03 22:00,Green,0.0013099909,232.74344,1.249,1.24971,1.2484,1.24964
2022-05-03 23:00,Red,0.0014499426,232.82083,1.24959,1.2497,1.24825,1.2495
2022-05-04 00:00,Red,0.001330018,232.93391,1.2495,1.2496,1.24827,1.24946
2022-05-04 01:00,Green,0.0009499788,232.71364,1.24961,1.25027,1.24932,1.24984
2022-05-04 02:00,Red,0.00069999695,232.73145,1.24984,1.25,1.2493,1.24981
2022-05-04 03:00,Red,0.0015599728,232.88618,1.24978,1.25054,1.24898,1.24958
2022-05-04 04:00,Red,0.0011900663,231.58264,1.2496,1.25001,1.24882,1.24933
2022-05-04 05:00,Red,0.0010399818,231.70761,1.24933,1.24964,1.2486,1.249
2022-05-04 06:00,Red,0.0012500286,231.7433,1.24898,1.24946,1.24821,1.24832
2022-05-04 07:00,Red,0.0006799698,231.46947,1.24832,1.24883,1.24815,1.24818
2022-05-04 08:00,Red,0.0010900497,231.27307,1.24819,1.24819,1.2471,1.24777
2022-05-04 09:00,Green,0.00237,228.1064,1.2478,1.24902,1.24665,1.24874
2022-05-04 10:00,Green,0.0027400255,227.98148,1.24875,1.25143,1.24869,1.25122
2022-05-04 11:00,Green,0.0019500256,227.46361,1.25121,1.2524,1.25045,1.25146
2022-05-04 12:00,Red,0.0015100241,227.01721,1.25149,1.2517,1.25019,1.25093
2022-05-04 13:00,Green,0.0018199682,226.83861,1.25093,1.25199,1.25017,1.25192
2022-05-04 14:00,Red,0.0017199516,225.12425,1.25191,1.25211,1.25039,1.251
2022-05-04 15:00,Green,0.0031199455,225.67781,1.25096,1.25359,1.25047,1.25296
2022-05-04 16:00,Red,0.0055099726,227.88019,1.25295,1.2537,1.24819,1.24854
2022-05-04 17:00,Green,0.0037299395,228.6004,1.24851,1.25043,1.2467,1.24991
2022-05-04 18:00,Red,0.0022300482,228.6004,1.24994,1.25072,1.24849,1.24872
2022-05-04 19:00,Green,0.0015100241,227.27904,1.24873,1.2494,1.24789,1.24938
2022-05-04 20:00,Red,0.0019899607,227.6302,1.24939,1.24997,1.24798,1.24885
2022-05-04 21:00,Green,0.013720036,234.8326,1.24871,1.25881,1.24509,1.25733
2022-05-04 22:00,Green,0.009259939,239.45158,1.25739,1.26375,1.25449,1.26164
2022-05-04 23:00,Green,0.0026299953,240.54088,1.26167,1.26375,1.26112,1.26241
2022-05-05 00:00,Green,0.0015500784,239.99928,1.26237,1.26337,1.26182,1.26322
2022-05-05 01:00,Red,0.0027599335,241.17184,1.26319,1.2633,1.26054,1.26065
2022-05-05 02:00,Green,0.0016798973,241.84445,1.26066,1.26216,1.26048,1.26159
2022-05-05 03:00,Red,0.0026299953,242.38615,1.26164,1.26265,1.26002,1.26087
2022-05-05 04:00,Green,0.0026099682,242.99924,1.26087,1.26326,1.26065,1.26237
2022-05-05 05:00,Red,0.0024000406,243.40402,1.26238,1.26284,1.26044,1.26045
2022-05-05 06:00,Red,0.0026500225,244.23148,1.26045,1.26055,1.2579,1.25795
2022-05-05 07:00,Red,0.0039000511,246.02911,1.25795,1.25802,1.25412,1.25467
2022-05-05 08:00,Green,0.0024299622,247.00528,1.25467,1.25674,1.25431,1.25524
2022-05-05 09:00,Red,0.0033999681,247.39813,1.25526,1.25677,1.25337,1.25346
2022-05-05 10:00,Green,0.002769947,247.12428,1.25346,1.25447,1.2517,1.2542
2022-05-05 11:00,Green,0.0024499893,247.45161,1.2542,1.25461,1.25216,1.25456
2022-05-05 12:00,Green,0.0027600527,247.8088,1.25455,1.25686,1.2541,1.25686
2022-05-05 13:00,Red,0.0035299063,248.8861,1.25686,1.25777,1.25424,1.25443
2022-05-05 14:00,Red,0.019960046,258.9218,1.25442,1.25794,1.23798,1.2394
2022-05-05 15:00,Red,0.0052700043,260.83844,1.2394,1.24135,1.23608,1.23885
2022-05-05 16:00,Red,0.0037999153,261.3384,1.23889,1.2412,1.2374,1.23852
2022-05-05 17:00,Red,0.0025099516,258.89194,1.23856,1.23859,1.23608,1.23738
2022-05-05 18:00,Red,0.0047199726,260.01688,1.23738,1.23738,1.23266,1.23277
2022-05-05 19:00,Green,0.002030015,259.92755,1.23277,1.23461,1.23258,1.23374
2022-05-05 20:00,Red,0.0037100315,260.51688,1.23375,1.23623,1.23252,1.23254
2022-05-05 21:00,Green,0.002769947,261.26086,1.23253,1.23523,1.23246,1.23489
2022-05-05 22:00,Green,0.0020099878,261.93353,1.23495,1.2369,1.23489,1.23647
2022-05-05 23:00,Red,0.0014500618,261.70145,1.23647,1.23667,1.23522,1.23566
2022-05-06 00:00,Neutral,0.0007200241,261.56458,1.23559,1.23624,1.23552,1.23559
2022-05-06 01:00,Green,0.001760006,261.47525,1.23565,1.2373,1.23554,1.23729
2022-05-06 02:00,Red,0.0013899803,261.68353,1.23725,1.23725,1.23586,1.23622
2022-05-06 03:00,Green,0.0021300316,261.99316,1.23622,1.23798,1.23585,1.23657
2022-05-06 04:00,Red,0.003770113,263.4754,1.23657,1.23705,1.23328,1.23439
2022-05-06 05:00,Green,0.0020599365,264.00516,1.23438,1.23611,1.23405,1.23584
2022-05-06 06:00,Green,0.0018199682,264.5289,1.23585,1.23736,1.23554,1.23687
2022-05-06 07:00,Red,0.0010199547,264.49313,1.23686,1.23728,1.23626,1.23676
2022-05-06 08:00,Red,0.0017199516,264.65982,1.23675,1.23675,1.23503,1.23532
2022-05-06 09:00,Red,0.008319974,267.83243,1.23531,1.23589,1.22757,1.2278
2022-05-06 10:00,Green,0.0063500404,269.30862,1.2278,1.23411,1.22776,1.23125
2022-05-06 11:00,Green,0.0052399635,269.92767,1.23126,1.2357,1.23046,1.23396
2022-05-06 12:00,Green,0.0020200014,267.3265,1.23396,1.2346,1.23258,1.2342
2022-05-06 13:00,Green,0.003899932,268.16574,1.23415,1.2375,1.2336,1.2374
2022-05-06 14:00,Red,0.0048900843,269.4337,1.23738,1.23792,1.23303,1.23357
2022-05-06 15:00,Red,0.005679965,270.21344,1.23357,1.23744,1.23176,1.23227
2022-05-06 16:00,Green,0.0047199726,270.54672,1.23222,1.23478,1.23006,1.23232
2022-05-06 17:00,Green,0.0036699772,269.011,1.23233,1.23587,1.2322,1.23507
2022-05-06 18:00,Red,0.0026500225,267.9395,1.23505,1.23695,1.2343,1.23439
2022-05-06 19:00,Green,0.00206995,267.36212,1.23438,1.23612,1.23405,1.23565
2022-05-06 20:00,Red,0.0028600693,268.22525,1.23566,1.23617,1.23331,1.2334
2022-05-06 21:00,Red,0.001470089,267.59436,1.2334,1.23449,1.23302,1.23308
2022-05-06 22:00,Green,0.0026599169,268.50504,1.23308,1.23488,1.23222,1.23419
2022-05-06 23:00,Red,0.0017999411,269.03473,1.23419,1.23419,1.23239,1.23246
,,,,,,,
,,,,,,,
,,,,,,,
,,,,,,,
,,,,,,,
,,,,,,,
,,,,,,,
,,,,,,,
,,,,,,,
,,,,,,,
,,,,,,,
,,,,,,,
,,,,,,,
,,,,,,,
,,,,,,,
,,,,,,,
,,,,,,,
,,,,,,,
,,,,,,,
,,,,,,,
,,,,,,,
,,,,,,,
,,,,,,,
,,,,,,,
,,,,,,,
,,,,,,,
,,,,,,,
,,,,,,,
,,,,,,,
,,,,,,,
,,,,,,,
,,,,,,,
,,,,,,,
,,,,,,,
,,,,,,,
,,,,,,,
,,,,,,,
,,,,,,,
,,,,,,,
,,,,,,,
,,,,,,,
,,,,,,,
,,,,,,,
,,,,,,,
,,,,,,,
,,,,,,,
,,,,,,,
,,,,,,,
2022-05-09 00:00,Red,0.0024900436,270.14188,1.23454,1.23458,1.23209,1.234
2022-05-09 01:00,Red,0.0013999939,270.40378,1.2343,1.2343,1.2329,1.23371
2022-05-09 02:00,Red,0.0014199018,270.79065,1.23369,1.23381,1.23239,1.23255
2022-05-09 03:00,Red,0.0025299788,271.5049,1.23252,1.23268,1.23015,1.23033
2022-05-09 04:00,Green,0.0016499758,271.3382,1.23028,1.23119,1.22954,1.23089
2022-05-09 05:00,Red,0.0023599863,271.8144,1.23088,1.23093,1.22857,1.22902
2022-05-09 06:00,Green,0.0016099215,270.6953,1.229,1.22996,1.22835,1.22902
2022-05-09 07:00,Red,0.0013999939,270.49893,1.22902,1.22944,1.22804,1.22827
2022-05-09 08:00,Red,0.0015799999,268.8204,1.22826,1.2284,1.22682,1.228
2022-05-09 09:00,Red,0.0027599335,268.92154,1.228,1.22881,1.22605,1.22642
2022-05-09 10:00,Green,0.0037299395,268.6893,1.22642,1.22986,1.22613,1.22874
2022-05-09 11:00,Red,0.0037699938,269.45715,1.22873,1.2307,1.22693,1.22698
2022-05-09 12:00,Green,0.00496006,270.2965,1.22698,1.23178,1.22682,1.23159
2022-05-09 13:00,Green,0.0037199259,269.3024,1.23159,1.23478,1.23106,1.23413
2022-05-09 14:00,Green,0.004349947,268.8024,1.23412,1.23709,1.23274,1.23654
2022-05-09 15:00,Green,0.004310012,268.12976,1.23655,1.24054,1.23623,1.23893
2022-05-09 16:00,Red,0.008100033,270.981,1.23893,1.23901,1.23091,1.23098
2022-05-09 17:00,Red,0.0024499893,270.54645,1.23103,1.23247,1.23002,1.23053
2022-05-09 18:00,Green,0.003700018,271.11792,1.23052,1.23411,1.23041,1.23334
2022-05-09 19:00,Green,0.005480051,272.47504,1.23333,1.238,1.23252,1.23474
2022-05-09 20:00,Red,0.0023399591,272.32028,1.23474,1.23548,1.23314,1.23341
2022-05-09 21:00,Green,0.002409935,272.61194,1.2334,1.23495,1.23254,1.23424
2022-05-09 22:00,Red,0.0024100542,273.33817,1.23424,1.23537,1.23296,1.23309
2022-05-09 23:00,Red,0.0009199381,272.43338,1.2331,1.23357,1.23265,1.233
2022-05-10 00:00,Red,0.0010700226,271.99295,1.23299,1.23307,1.232,1.23267
2022-05-10 01:00,Green,0.0006300211,271.95132,1.23263,1.23301,1.23238,1.23291
2022-05-10 02:00,Green,0.0013000965,272.28473,1.23289,1.23414,1.23284,1.23352
2022-05-10 03:00,Red,0.0018900633,272.10025,1.23353,1.23359,1.2317,1.23301
2022-05-10 04:00,Green,0.0029500723,273.05862,1.23301,1.23527,1.23232,1.23468
2022-05-10 05:00,Green,0.0024900436,273.2432,1.23469,1.23718,1.23469,1.23646
2022-05-10 06:00,Green,0.0017100573,273.3028,1.23645,1.23666,1.23495,1.2366
2022-05-10 07:00,Red,0.0009100437,272.6719,1.2366,1.23683,1.23592,1.23651
2022-05-10 08:00,Red,0.0012799501,271.8326,1.23651,1.23752,1.23624,1.23641
2022-05-10 09:00,Red,0.0022499561,271.84454,1.2364,1.23674,1.23449,1.23454
2022-05-10 10:00,Red,0.0031399727,270.9517,1.23454,1.23478,1.23164,1.23165
2022-05-10 11:00,Green,0.002800107,271.1065,1.23168,1.23441,1.23161,1.23368
2022-05-10 12:00,Red,0.0037699938,272.10654,1.23369,1.23419,1.23042,1.2307
2022-05-10 13:00,Green,0.0054699183,273.79697,1.23069,1.23583,1.23036,1.2349
2022-05-10 14:00,Red,0.002390027,272.5291,1.23486,1.2356,1.23321,1.23376
2022-05-10 15:00,Red,0.002390027,271.93384,1.23376,1.23414,1.23175,1.23186
2022-05-10 16:00,Green,0.002800107,272.26132,1.23183,1.23406,1.23126,1.23226
2022-05-10 17:00,Red,0.0033699274,271.82083,1.2323,1.23409,1.23072,1.23121
2022-05-10 18:00,Green,0.0036599636,272.55893,1.2312,1.23288,1.22922,1.23123
2022-05-10 19:00,Red,0.0036000013,273.41608,1.23123,1.23269,1.22909,1.23093
2022-05-10 20:00,Green,0.0026900768,272.79712,1.23092,1.2329,1.23021,1.23262
2022-05-10 21:00,Red,0.001940012,272.99948,1.23263,1.23304,1.2311,1.23121
2022-05-10 22:00,Green,0.0019800663,272.54117,1.23121,1.23221,1.23023,1.23177
2022-05-10 23:00,Red,0.0012500286,272.28525,1.23175,1.23218,1.23093,1.23097
2022-05-11 00:00,Green,0.0007799864,272.33286,1.23098,1.2315,1.23072,1.23138
2022-05-11 01:00,Red,0.0005899668,271.79706,1.23138,1.23171,1.23112,1.23131
2022-05-11 02:00,Red,0.0009800196,271.4816,1.23131,1.23158,1.2306,1.23063
2022-05-11 03:00,Green,0.0022000074,270.9935,1.23062,1.2326,1.2304,1.23165
2022-05-11 04:00,Green,0.0014899969,270.60663,1.23164,1.23262,1.23113,1.23246
2022-05-11 05:00,Green,0.0014499426,270.60062,1.23247,1.23376,1.23231,1.23363
2022-05-11 06:00,Red,0.0014899969,270.8447,1.23363,1.23396,1.23247,1.23303
2022-05-11 07:00,Green,0.0010499954,270.75543,1.23303,1.23353,1.23248,1.23349
2022-05-11 08:00,Red,0.0014599562,270.7792,1.2335,1.23407,1.23261,1.23349
2022-05-11 09:00,Green,0.0016800165,270.42206,1.23353,1.23466,1.23298,1.2337
2022-05-11 10:00,Green,0.002350092,270.4281,1.23368,1.23459,1.23224,1.23447
2022-05-11 11:00,Green,0.0033400059,271.3805,1.23445,1.23725,1.23391,1.23723
2022-05-11 12:00,Green,0.0023300648,271.79715,1.23722,1.23895,1.23662,1.23749
2022-05-11 13:00,Red,0.0039099455,273.32098,1.23749,1.23778,1.23387,1.23392
2022-05-11 14:00,Green,0.0036000013,274.55914,1.23391,1.23597,1.23237,1.23562
2022-05-11 15:00,Red,0.008790016,277.84485,1.23565,1.23643,1.22764,1.2287
2022-05-11 16:00,Green,0.011790037,283.98178,1.22871,1.23998,1.22819,1.23834
2022-05-11 17:00,Red,0.0052000284,284.6187,1.23837,1.23893,1.23373,1.23397
2022-05-11 18:00,Red,0.0030100346,285.33295,1.23397,1.23432,1.23131,1.23143
2022-05-11 19:00,Red,0.0035600662,285.583,1.23144,1.23238,1.22882,1.22892
2022-05-11 20:00,Red,0.0029200315,286.13666,1.22893,1.22923,1.22631,1.22675
2022-05-11 21:00,Green,0.001940012,286.35678,1.22672,1.22847,1.22653,1.22687
2022-05-11 22:00,Red,0.0032399893,287.1008,1.22687,1.22694,1.2237,1.22427
2022-05-11 23:00,Green,0.000970006,287.08893,1.22427,1.22472,1.22375,1.22469
2022-05-12 00:00,Red,0.0006699562,286.76752,1.2247,1.22486,1.22419,1.22469
2022-05-12 01:00,Red,0.0008099079,286.42816,1.22503,1.22521,1.2244,1.22468
2022-05-12 02:00,Red,0.0018100739,287.06516,1.22467,1.22491,1.2231,1.22327
2022-05-12 03:00,Green,0.0023599863,287.04138,1.22328,1.22478,1.22242,1.22443
2022-05-12 04:00,Red,0.001349926,286.99963,1.22442,1.22453,1.22318,1.2239
2022-05-12 05:00,Red,0.0034999847,288.33893,1.22389,1.22445,1.22095,1.22175
2022-05-12 06:00,Green,0.0015500784,288.35687,1.22174,1.22326,1.22171,1.22278
2022-05-12 07:00,Red,0.0025200844,288.08905,1.2228,1.22316,1.22064,1.22074
2022-05-12 08:00,Red,0.001850009,288.2438,1.22073,1.22146,1.21961,1.22009
2022-05-12 09:00,Green,0.0036299229,288.9581,1.22009,1.22205,1.21842,1.22031
2022-05-12 10:00,Red,0.004079938,289.05334,1.22031,1.22206,1.21798,1.21999
2022-05-12 11:00,Red,0.0026500225,289.23788,1.21999,1.22054,1.21789,1.2179
2022-05-12 12:00,Green,0.0034600496,289.9582,1.21791,1.21992,1.21646,1.21863
2022-05-12 13:00,Green,0.0033599138,290.06534,1.21863,1.22189,1.21853,1.22058
2022-05-12 14:00,Red,0.0034099817,289.607,1.22059,1.22185,1.21844,1.21952
2022-05-12 15:00,Green,0.005800009,290.93442,1.21955,1.22473,1.21893,1.22272
2022-05-12 16:00,Red,0.0044499636,291.38083,1.22273,1.224,1.21955,1.22051
2022-05-12 17:00,Green,0.004009962,291.55338,1.2205,1.22324,1.21923,1.22267
2022-05-12 18:00,Red,0.0048099756,293.17245,1.22268,1.22429,1.21948,1.21952
2022-05-12 19:00,Red,0.0032199621,293.72595,1.21956,1.22191,1.21869,1.21907
2022-05-12 20:00,Red,0.0026199818,293.67834,1.21908,1.21989,1.21727,1.21851
2022-05-12 21:00,Red,0.002030015,293.12482,1.2185,1.21931,1.21728,1.21742
2022-05-12 22:00,Green,0.0023400784,293.73795,1.21742,1.21973,1.21739,1.21924
2022-05-12 23:00,Green,0.0008599758,293.38678,1.21925,1.21989,1.21903,1.21988
2022-05-13 00:00,Red,0.0006700754,292.994,1.21972,1.21984,1.21917,1.21948
2022-05-13 01:00,Green,0.00085008144,292.9345,1.21947,1.22019,1.21934,1.21974
2022-05-13 02:00,Green,0.0009599924,293.08926,1.21975,1.22071,1.21975,1.22039
2022-05-13 03:00,Green,0.0014899969,293.0476,1.22039,1.22136,1.21987,1.22067
2022-05-13 04:00,Red,0.0022701025,293.6905,1.22066,1.22151,1.21924,1.22
2022-05-13 05:00,Green,0.001760006,294.11905,1.22,1.22175,1.21999,1.2216
2022-05-13 06:00,Green,0.0013099909,294.15472,1.2216,1.22266,1.22135,1.22169
2022-05-13 07:00,Green,0.0011301041,294.4227,1.22168,1.22221,1.22108,1.22221
2022-05-13 08:00,Green,0.0008599758,294.2857,1.22221,1.22254,1.22168,1.2224
2022-05-13 09:00,Red,0.002080083,294.11313,1.2224,1.22256,1.22048,1.22158
2022-05-13 10:00,Green,0.00327003,294.42865,1.22158,1.22312,1.21985,1.22167
2022-05-13 11:00,Red,0.0026500225,294.84534,1.22167,1.22273,1.22008,1.22048
2022-05-13 12:00,Red,0.0035800934,296.07748,1.22048,1.22097,1.21739,1.21766
2022-05-13 13:00,Green,0.00248003,296.47037,1.21767,1.21987,1.21739,1.21986
2022-05-13 14:00,Red,0.0031300783,297.30972,1.21986,1.22159,1.21846,1.21912
2022-05-13 15:00,Green,0.0025200844,296.9527,1.21914,1.22079,1.21827,1.21988
2022-05-13 16:00,Red,0.0044100285,296.29794,1.21988,1.21988,1.21547,1.21725
2022-05-13 17:00,Green,0.0047500134,296.90512,1.21723,1.22198,1.21723,1.22193
2022-05-13 18:00,Green,0.00274992,297.21454,1.2219,1.22444,1.22169,1.22428
2022-05-13 19:00,Red,0.0015500784,297.23837,1.22427,1.22483,1.22328,1.22355
2022-05-13 20:00,Red,0.0023399591,297.44672,1.22353,1.2248,1.22246,1.2227
2022-05-13 21:00,Green,0.0021998882,290.5895,1.2227,1.22415,1.22195,1.22411
2022-05-13 22:00,Green,0.0011000633,285.73242,1.22415,1.22432,1.22322,1.22416
2022-05-13 23:00,Green,0.002229929,285.4943,1.22415,1.22619,1.22396,1.22617
,,,,,,,
,,,,,,,
,,,,,,,
,,,,,,,
,,,,,,,
,,,,,,,
,,,,,,,
,,,,,,,
,,,,,,,
,,,,,,,
,,,,,,,
,,,,,,,
,,,,,,,
,,,,,,,
,,,,,,,
,,,,,,,
,,,,,,,
,,,,,,,
,,,,,,,
,,,,,,,
,,,,,,,
,,,,,,,
,,,,,,,
,,,,,,,
,,,,,,,
,,,,,,,
,,,,,,,
,,,,,,,
,,,,,,,
,,,,,,,
,,,,,,,
,,,,,,,
,,,,,,,
,,,,,,,
,,,,,,,
,,,,,,,
,,,,,,,
,,,,,,,
,,,,,,,
,,,,,,,
,,,,,,,
,,,,,,,
,,,,,,,
,,,,,,,
,,,,,,,
,,,,,,,
,,,,,,,
,,,,,,,
2022-05-16 00:00,Green,0.0017499924,285.61328,1.22342,1.22517,1.22342,1.22457
2022-05-16 01:00,Green,0.0021300316,285.23834,1.22458,1.2266,1.22447,1.22528
2022-05-16 02:00,Green,0.0016100407,285.19675,1.22528,1.22625,1.22464,1.22567
2022-05-16 03:00,Green,0.0015799999,284.57178,1.22573,1.22702,1.22544,1.22688
2022-05-16 04:00,Red,0.0034899712,285.09555,1.22689,1.22963,1.22614,1.22646
2022-05-16 05:00,Red,0.002300024,285.03604,1.22643,1.22643,1.22413,1.22498
2022-05-16 06:00,Red,0.0018199682,284.54193,1.22499,1.22506,1.22324,1.22358
2022-05-16 07:00,Green,0.0010499954,282.84546,1.22358,1.22435,1.2233,1.22399
2022-05-16 08:00,Green,0.0013099909,282.17883,1.22398,1.22527,1.22396,1.22457
2022-05-16 09:00,Red,0.0032299757,282.07764,1.22456,1.22508,1.22185,1.22253
2022-05-16 10:00,Red,0.003610015,282.57767,1.22254,1.22526,1.22165,1.22185
2022-05-16 11:00,Green,0.0016700029,282.1134,1.22186,1.22353,1.22186,1.22351
2022-05-16 12:00,Red,0.0023499727,281.86926,1.2235,1.22421,1.22186,1.22286
2022-05-16 13:00,Green,0.004099965,282.2086,1.22286,1.22696,1.22286,1.22649
2022-05-16 14:00,Red,0.0026099682,271.88113,1.22649,1.227,1.22439,1.22587
2022-05-16 15:00,Red,0.0019800663,269.92285,1.22588,1.22669,1.22471,1.22533
2022-05-16 16:00,Red,0.002460003,269.12524,1.22534,1.22641,1.22395,1.22403
2022-05-16 17:00,Green,0.0036000013,269.7741,1.22401,1.22737,1.22377,1.22512
2022-05-16 18:00,Green,0.0034999847,269.0479,1.22509,1.2271,1.2236,1.22693
2022-05-16 19:00,Green,0.0015799999,268.78006,1.22694,1.22809,1.22651,1.22752
2022-05-16 20:00,Green,0.0011000633,267.2265,1.22751,1.22843,1.22733,1.2283
2022-05-16 21:00,Green,0.0039799213,267.94675,1.22831,1.23198,1.228,1.23183
2022-05-16 22:00,Red,0.0014500618,267.61346,1.23182,1.23291,1.23146,1.23171
2022-05-16 23:00,Red,0.0010399818,267.3694,1.23169,1.23244,1.2314,1.23164
2022-05-17 00:00,Green,0.0011600256,267.6313,1.23161,1.23199,1.23083,1.23176
2022-05-17 01:00,Green,0.001060009,267.21463,1.2316,1.23266,1.2316,1.23228
2022-05-17 02:00,Green,0.00055992603,266.72055,1.23226,1.23267,1.23211,1.2325
2022-05-17 03:00,Green,0.0012700558,266.20865,1.23251,1.23367,1.2324,1.23289
2022-05-17 04:00,Green,0.0023599863,265.3693,1.23287,1.23436,1.232,1.23416
2022-05-17 05:00,Red,0.0015400648,265.05984,1.23415,1.23441,1.23287,1.23327
2022-05-17 06:00,Green,0.001060009,264.60748,1.23327,1.23378,1.23272,1.23353
2022-05-17 07:00,Green,0.0015200377,264.90518,1.23356,1.23465,1.23313,1.23422
2022-05-17 08:00,Green,0.0014098883,264.7206,1.23421,1.23486,1.23345,1.23474
2022-05-17 09:00,Green,0.0043400526,262.35162,1.23474,1.23894,1.2346,1.23843
2022-05-17 10:00,Green,0.005499959,261.8456,1.23844,1.24315,1.23765,1.24231
2022-05-17 11:00,Green,0.006219983,262.42896,1.24232,1.24826,1.24204,1.24754
2022-05-17 12:00,Red,0.0045599937,263.94086,1.24755,1.24875,1.24419,1.24536
2022-05-17 13:00,Green,0.002839923,263.30994,1.24536,1.24803,1.24519,1.24647
2022-05-17 14:00,Green,0.0040900707,262.83374,1.2465,1.24986,1.24577,1.24827
2022-05-17 15:00,Green,0.0032200813,261.3695,1.24827,1.24951,1.24629,1.24878
2022-05-17 16:00,Red,0.003990054,260.93503,1.24877,1.24888,1.24489,1.24751
2022-05-17 17:00,Red,0.0025199652,260.25052,1.24752,1.24812,1.2456,1.24692
2022-05-17 18:00,Red,0.0026199818,260.23264,1.24691,1.24842,1.2458,1.24688
2022-05-17 19:00,Green,0.002120018,260.26245,1.24687,1.24844,1.24632,1.24801
2022-05-17 20:00,Red,0.0012899637,259.32782,1.24805,1.24852,1.24723,1.24764
2022-05-17 21:00,Green,0.004130006,260.91113,1.24763,1.24931,1.24518,1.24802
2022-05-17 22:00,Green,0.0015799999,260.2683,1.24802,1.2487,1.24712,1.24836
2022-05-17 23:00,Green,0.0014699697,260.07193,1.24836,1.24946,1.24799,1.24901
2022-05-18 00:00,Red,0.0015200377,259.49454,1.24901,1.24939,1.24787,1.2489
2022-05-18 01:00,Green,0.00074005127,259.1017,1.24885,1.24957,1.24883,1.24906
2022-05-18 02:00,Red,0.0006799698,258.66125,1.2491,1.24912,1.24844,1.24867
2022-05-18 03:00,Green,0.0014499426,258.01837,1.24864,1.25005,1.2486,1.2488
2022-05-18 04:00,Red,0.001760006,258.08386,1.24879,1.24927,1.24751,1.24865
2022-05-18 05:00,Red,0.0015100241,257.57797,1.24864,1.24872,1.24721,1.24746
2022-05-18 06:00,Red,0.0015799999,257.56015,1.24745,1.24781,1.24623,1.24683
2022-05-18 07:00,Green,0.000970006,257.3042,1.24683,1.24747,1.2465,1.24716
2022-05-18 08:00,Green,0.0023400784,257.75665,1.24716,1.24949,1.24715,1.24916
2022-05-18 09:00,Red,0.0059900284,259.67935,1.24917,1.24956,1.24357,1.24411
2022-05-18 10:00,Red,0.0051100254,260.50082,1.24412,1.24439,1.23928,1.23949
2022-05-18 11:00,Red,0.003970027,260.6199,1.23953,1.24108,1.23711,1.23737
2022-05-18 12:00,Green,0.003720045,259.88177,1.23735,1.24107,1.23735,1.24096
2022-05-18 13:00,Red,0.002660036,259.2509,1.24098,1.2424,1.23974,1.23977
2022-05-18 14:00,Green,0.0023499727,258.06042,1.23977,1.24199,1.23964,1.24187
2022-05-18 15:00,Neutral,0.0021600723,256.7807,1.24188,1.24354,1.24138,1.24188
2022-05-18 16:00,Red,0.0033999681,253.983,1.24189,1.24259,1.23919,1.23939
2022-05-18 17:00,Green,0.0037800074,254.77467,1.23942,1.24238,1.2386,1.24112
2022-05-18 18:00,Red,0.0023599863,253.97702,1.24111,1.24155,1.23919,1.23926
2022-05-18 19:00,Red,0.002300024,252.08417,1.23925,1.23957,1.23727,1.23823
2022-05-18 20:00,Red,0.0026199818,252.25084,1.23824,1.23834,1.23572,1.23587
2022-05-18 21:00,Red,0.0022000074,252.12589,1.23586,1.2366,1.2344,1.23452
2022-05-18 22:00,Red,0.0014600754,251.56042,1.23453,1.23527,1.23381,1.23402
2022-05-18 23:00,Red,0.0017700195,252.0664,1.23401,1.2347,1.23293,1.23342
2022-05-19 00:00,Green,0.0013298988,252.2211,1.23336,1.23469,1.23336,1.23384
2022-05-19 01:00,Green,0.0018600225,252.95326,1.23379,1.23562,1.23376,1.23537
2022-05-19 02:00,Red,0.0014499426,253.04243,1.23538,1.23548,1.23403,1.23433
2022-05-19 03:00,Green,0.002570033,253.44717,1.23433,1.23642,1.23385,1.23525
2022-05-19 04:00,Red,0.0015799999,252.6317,1.2352,1.23544,1.23386,1.23442
2022-05-19 05:00,Green,0.002730012,252.7745,1.23444,1.23702,1.23429,1.23682
2022-05-19 06:00,Green,0.0016400814,252.73283,1.23681,1.23835,1.23671,1.23829
2022-05-19 07:00,Green,0.0016499758,253.1733,1.23829,1.23946,1.23781,1.23859
2022-05-19 08:00,Red,0.003019929,254.20895,1.23858,1.23918,1.23616,1.23641
2022-05-19 09:00,Red,0.0032299757,254.79231,1.2364,1.23741,1.23418,1.23455
2022-05-19 10:00,Green,0.00485003,255.8102,1.23456,1.23858,1.23373,1.2383
2022-05-19 11:00,Green,0.0036699772,256.32797,1.2383,1.24069,1.23702,1.23912
2022-05-19 12:00,Green,0.0028799772,255.7982,1.23912,1.23979,1.23691,1.23979
2022-05-19 13:00,Green,0.004049897,254.95299,1.23979,1.24373,1.23968,1.2424
2022-05-19 14:00,Green,0.0031100512,255.38153,1.24242,1.24371,1.2406,1.24314
2022-05-19 15:00,Red,0.002390027,255.38156,1.24313,1.24336,1.24097,1.24286
2022-05-19 16:00,Green,0.0066399574,257.66714,1.24285,1.24921,1.24257,1.24872
2022-05-19 17:00,Green,0.004080057,258.0899,1.24872,1.25127,1.24719,1.24919
2022-05-19 18:00,Green,0.004749894,258.7386,1.2492,1.25242,1.24767,1.25024
2022-05-19 19:00,Red,0.0027899742,258.2564,1.25024,1.25175,1.24896,1.2498
2022-05-19 20:00,Green,0.0023499727,258.05396,1.24982,1.25097,1.24862,1.2507
2022-05-19 21:00,Red,0.0016599894,257.8873,1.25071,1.25117,1.24951,1.24972
2022-05-19 22:00,Red,0.0017800331,257.76822,1.24972,1.25037,1.24859,1.24952
2022-05-19 23:00,Red,0.0033899546,259.04202,1.24948,1.24953,1.24614,1.24614
2022-05-20 00:00,Green,0.0016300678,259.548,1.24624,1.24721,1.24558,1.24687
2022-05-20 01:00,Red,0.0016999245,260.20868,1.24689,1.24751,1.24581,1.24668
2022-05-20 02:00,Red,0.0010899305,260.2741,1.24668,1.24707,1.24598,1.24627
2022-05-20 03:00,Green,0.0019199848,260.1074,1.24628,1.24696,1.24504,1.24629
2022-05-20 04:00,Red,0.0015399456,260.13718,1.24628,1.24691,1.24537,1.2456
2022-05-20 05:00,Red,0.0020200014,260.47647,1.2456,1.24572,1.2437,1.24445
2022-05-20 06:00,Green,0.00075006485,260.03604,1.24446,1.24485,1.2441,1.2448
2022-05-20 07:00,Green,0.0015000105,260.3039,1.2448,1.24574,1.24424,1.24538
2022-05-20 08:00,Green,0.002929926,261.1789,1.24538,1.24769,1.24476,1.24733
2022-05-20 09:00,Green,0.0023999214,261.60736,1.24732,1.24961,1.24721,1.24758
2022-05-20 10:00,Red,0.003000021,261.9943,1.2476,1.24924,1.24624,1.24735
2022-05-20 11:00,Green,0.0031000376,261.85147,1.24735,1.24898,1.24588,1.24863
2022-05-20 12:00,Red,0.0022399426,261.79782,1.24863,1.24903,1.24679,1.24774
2022-05-20 13:00,Green,0.0016601086,260.45865,1.24778,1.24881,1.24715,1.24854
2022-05-20 14:00,Red,0.0019199848,259.45862,1.24856,1.24858,1.24666,1.24684
2022-05-20 15:00,Green,0.002170086,255.51816,1.24683,1.24827,1.2461,1.24778
2022-05-20 16:00,Green,0.0029000044,250.22644,1.24778,1.24994,1.24704,1.2489
2022-05-20 17:00,Red,0.0029599667,248.89311,1.24886,1.24904,1.24608,1.24657
2022-05-20 18:00,Green,0.004260063,249.63718,1.24656,1.24948,1.24522,1.24904
2022-05-20 19:00,Red,0.0022799969,248.87523,1.24904,1.24932,1.24704,1.2472
2022-05-20 20:00,Green,0.0013399124,247.93471,1.2472,1.24751,1.24617,1.24724
2022-05-20 21:00,Red,0.0020599365,248.00607,1.24724,1.24734,1.24528,1.24705
2022-05-20 22:00,Green,0.0021699667,247.36917,1.24705,1.24909,1.24692,1.2488
2022-05-20 23:00,Green,0.0013000965,247.56564,1.24879,1.2496,1.2483,1.24908
,,,,,,,
,,,,,,,
,,,,,,,
,,,,,,,
,,,,,,,
,,,,,,,
,,,,,,,
,,,,,,,
,,,,,,,
,,,,,,,
,,,,,,,
,,,,,,,
,,,,,,,
,,,,,,,
,,,,,,,
,,,,,,,
,,,,,,,
,,,,,,,
,,,,,,,
,,,,,,,
,,,,,,,
,,,,,,,
,,,,,,,
,,,,,,,
,,,,,,,
,,,,,,,
,,,,,,,
,,,,,,,
,,,,,,,
,,,,,,,
,,,,,,,
,,,,,,,
,,,,,,,
,,,,,,,
,,,,,,,
,,,,,,,
,,,,,,,
,,,,,,,
,,,,,,,
,,,,,,,
,,,,,,,
,,,,,,,
,,,,,,,
,,,,,,,
,,,,,,,
,,,,,,,
,,,,,,,
,,,,,,,
2022-05-23 00:00,Green,0.0017499924,248.20854,1.24746,1.2486,1.24685,1.24859
2022-05-23 01:00,Green,0.0028800964,249.44078,1.2484,1.25091,1.24803,1.25071
2022-05-23 02:00,Red,0.0010399818,248.98239,1.2507,1.25089,1.24985,1.25022
2022-05-23 03:00,Green,0.0030100346,249.36935,1.25023,1.25293,1.24992,1.25255
2022-05-23 04:00,Green,0.001760006,249.61345,1.25254,1.25387,1.25211,1.25337
2022-05-23 05:00,Green,0.0017300844,248.55992,1.25336,1.25451,1.25278,1.25425
2022-05-23 06:00,Red,0.0014300346,248.48846,1.25425,1.25486,1.25343,1.25421
2022-05-23 07:00,Green,0.0012799501,247.7503,1.25422,1.25525,1.25397,1.25453
2022-05-23 08:00,Green,0.0031000376,248.49437,1.25455,1.25715,1.25405,1.25556
2022-05-23 09:00,Green,0.0024100542,247.76828,1.25555,1.25724,1.25483,1.25682
2022-05-23 10:00,Red,0.0026099682,246.8933,1.25681,1.25729,1.25468,1.25494
2022-05-23 11:00,Green,0.0026500225,246.89333,1.25493,1.25749,1.25484,1.25711
2022-05-23 12:00,Green,0.002730012,246.45877,1.25709,1.25924,1.25651,1.25753
2022-05-23 13:00,Green,0.0017399788,245.4945,1.25755,1.25842,1.25668,1.25809
2022-05-23 14:00,Red,0.0027700663,245.11363,1.2581,1.26005,1.25728,1.25741
2022-05-23 15:00,Red,0.0017300844,242.69104,1.25743,1.25802,1.25629,1.25668
2022-05-23 16:00,Green,0.003739953,242.26839,1.25669,1.25929,1.25555,1.25837
2022-05-23 17:00,Red,0.0023099184,241.25647,1.25836,1.25858,1.25627,1.25698
2022-05-23 18:00,Red,0.0025100708,239.88747,1.25699,1.25838,1.25587,1.25694
2022-05-23 19:00,Red,0.001560092,238.89941,1.25695,1.25784,1.25628,1.25678
2022-05-23 20:00,Green,0.0016400814,238.31615,1.25678,1.25741,1.25577,1.25692
2022-05-23 21:00,Green,0.0014300346,237.95901,1.25692,1.2581,1.25667,1.2579
2022-05-23 22:00,Red,0.0013899803,237.39346,1.25792,1.25814,1.25675,1.25782
2022-05-23 23:00,Green,0.0011600256,237.57208,1.2578,1.25879,1.25763,1.25871
2022-05-24 00:00,Red,0.0013200045,237.95894,1.25871,1.25873,1.25741,1.25862
2022-05-24 01:00,Red,0.001060009,238.08386,1.25861,1.25863,1.25757,1.25771
2022-05-24 02:00,Red,0.0013400316,238.3101,1.25771,1.25788,1.25654,1.25662
2022-05-24 03:00,Red,0.0012300014,238.15535,1.25664,1.25686,1.25563,1.25579
2022-05-24 04:00,Red,0.0013599396,237.61356,1.25579,1.25684,1.25548,1.25566
2022-05-24 05:00,Green,0.001439929,237.42303,1.25566,1.25612,1.25468,1.25592
2022-05-24 06:00,Green,0.000880003,237.16708,1.25592,1.2566,1.25572,1.25648
2022-05-24 07:00,Red,0.0010199547,237.10153,1.25647,1.25659,1.25557,1.25598
2022-05-24 08:00,Green,0.0013699532,237.40509,1.256,1.25735,1.25598,1.25722
2022-05-24 09:00,Green,0.0020500422,237.3872,1.25723,1.25882,1.25677,1.25785
2022-05-24 10:00,Green,0.0021899939,236.74435,1.25788,1.2598,1.25761,1.25818
2022-05-24 11:00,Red,0.011720061,242.1432,1.25816,1.25915,1.24743,1.24859
2022-05-24 12:00,Green,0.002839923,241.70264,1.2486,1.25059,1.24775,1.24901
2022-05-24 13:00,Green,0.0034599304,242.28592,1.249,1.25218,1.24872,1.251
2022-05-24 14:00,Red,0.0022799969,241.7799,1.25102,1.2517,1.24942,1.24979
2022-05-24 15:00,Red,0.0035799742,242.41081,1.24982,1.25069,1.24711,1.24914
2022-05-24 16:00,Green,0.0045700073,242.50603,1.24913,1.2529,1.24833,1.25107
2022-05-24 17:00,Green,0.0031199455,241.53574,1.25107,1.25262,1.2495,1.25232
2022-05-24 18:00,Green,0.0032800436,241.8513,1.25231,1.25431,1.25103,1.25418
2022-05-24 19:00,Red,0.0022300482,242.25603,1.25418,1.25544,1.25321,1.25346
2022-05-24 20:00,Green,0.0014899969,241.75009,1.25346,1.25432,1.25283,1.25375
2022-05-24 21:00,Red,0.0029000044,242.16682,1.25375,1.25388,1.25098,1.25106
2022-05-24 22:00,Green,0.0026500225,243.08945,1.25106,1.25364,1.25099,1.25333
2022-05-24 23:00,Red,0.00050997734,242.06566,1.25333,1.25368,1.25317,1.25317
2022-05-25 00:00,Green,0.0010099411,241.62514,1.25281,1.25347,1.25246,1.25317
2022-05-25 01:00,Green,0.0018000603,241.42874,1.25312,1.25485,1.25305,1.25425
2022-05-25 02:00,Red,0.00079989433,240.9465,1.25429,1.25461,1.25381,1.25408
2022-05-25 03:00,Red,0.0021600723,241.29181,1.25413,1.25432,1.25216,1.25273
2022-05-25 04:00,Red,0.0013700724,240.02995,1.25275,1.253,1.25163,1.25173
2022-05-25 05:00,Green,0.0021799803,239.9585,1.25176,1.25354,1.25136,1.2524
2022-05-25 06:00,Green,0.0018699169,239.98825,1.25241,1.25382,1.25195,1.25345
2022-05-25 07:00,Green,0.0012300014,240.09538,1.25347,1.25421,1.25298,1.25376
2022-05-25 08:00,Red,0.0012398958,240.05367,1.25376,1.25417,1.25293,1.25366
2022-05-25 09:00,Green,0.0027799606,239.78581,1.25365,1.25541,1.25263,1.25516
2022-05-25 10:00,Red,0.0034899712,239.71432,1.25517,1.25597,1.25248,1.25396
2022-05-25 11:00,Red,0.0029900074,240.50005,1.25395,1.25495,1.25196,1.25227
2022-05-25 12:00,Red,0.00237,240.51198,1.25227,1.25233,1.24996,1.24999
2022-05-25 13:00,Red,0.002300024,239.4406,1.25,1.25074,1.24844,1.24871
2022-05-25 14:00,Green,0.0022799969,239.24417,1.24872,1.25035,1.24807,1.24909
2022-05-25 15:00,Green,0.002210021,239.38104,1.24911,1.25053,1.24832,1.25001
2022-05-25 16:00,Green,0.003630042,240.0775,1.25002,1.25291,1.24928,1.2527
2022-05-25 17:00,Green,0.00327003,239.88109,1.25271,1.25483,1.25156,1.2543
2022-05-25 18:00,Red,0.0026199818,239.35728,1.25431,1.25578,1.25316,1.25389
2022-05-25 19:00,Red,0.0019099712,239.55368,1.25389,1.2549,1.25299,1.25316
2022-05-25 20:00,Green,0.0030899048,240.73814,1.25314,1.2555,1.25241,1.25526
2022-05-25 21:00,Green,0.0050799847,241.39293,1.25526,1.25885,1.25377,1.25862
2022-05-25 22:00,Red,0.0016399622,241.50595,1.25864,1.25902,1.25738,1.25762
2022-05-25 23:00,Red,0.0009200573,241.43457,1.25768,1.25825,1.25733,1.25762
2022-05-26 00:00,Green,0.0014899969,241.631,1.25664,1.25767,1.25618,1.25756
2022-05-26 01:00,Green,0.0014899969,241.88693,1.25773,1.25898,1.25749,1.25887
2022-05-26 02:00,Red,0.0010900497,242.20247,1.25897,1.25941,1.25832,1.25854
2022-05-26 03:00,Green,0.0027199984,243.06555,1.25854,1.26119,1.25847,1.26045
2022-05-26 04:00,Red,0.002820015,243.33939,1.26042,1.26087,1.25805,1.2582
2022-05-26 05:00,Green,0.0016700029,243.41672,1.25824,1.25969,1.25802,1.25869
2022-05-26 06:00,Red,0.0013899803,243.6131,1.2587,1.2588,1.25741,1.25866
2022-05-26 07:00,Red,0.002460003,244.17259,1.25864,1.25887,1.25641,1.25679
2022-05-26 08:00,Red,0.0018099546,244.41074,1.25679,1.25699,1.25518,1.25531
2022-05-26 09:00,Green,0.001709938,242.84517,1.25531,1.25684,1.25513,1.25627
2022-05-26 10:00,Green,0.0034899712,241.64874,1.25623,1.25972,1.25623,1.25864
2022-05-26 11:00,Red,0.0035399199,240.05345,1.25864,1.259,1.25546,1.25639
2022-05-26 12:00,Green,0.0053799152,240.54153,1.25639,1.26112,1.25574,1.26099
2022-05-26 13:00,Green,0.0027600527,240.494,1.26098,1.26205,1.25929,1.26161
2022-05-26 14:00,Red,0.0032299757,239.98203,1.2616,1.26195,1.25872,1.2595
2022-05-26 15:00,Red,0.0037599802,240.30339,1.25953,1.25967,1.25591,1.25635
2022-05-26 16:00,Green,0.0029599667,239.69025,1.25634,1.25862,1.25566,1.25727
2022-05-26 17:00,Green,0.0026299953,239.75574,1.25727,1.2579,1.25527,1.2573
2022-05-26 18:00,Green,0.0015400648,239.11293,1.25729,1.25871,1.25717,1.25803
2022-05-26 19:00,Red,0.0015400648,238.76772,1.25804,1.25855,1.25701,1.25746
2022-05-26 20:00,Green,0.0014899969,238.8868,1.25746,1.25824,1.25675,1.25805
2022-05-26 21:00,Green,0.0018099546,237.50581,1.25805,1.25982,1.25801,1.25944
2022-05-26 22:00,Green,0.001060009,237.19629,1.25945,1.25998,1.25892,1.25987
2022-05-26 23:00,Green,0.0010899305,236.97008,1.25987,1.26086,1.25977,1.26076
2022-05-27 00:00,Green,0.0025099516,237.55931,1.25819,1.26049,1.25798,1.25996
2022-05-27 01:00,Green,0.0009800196,237.70215,1.25987,1.26065,1.25967,1.26043
2022-05-27 02:00,Green,0.0014500618,238.16052,1.26045,1.26189,1.26044,1.26165
2022-05-27 03:00,Green,0.0013400316,238.09512,1.26165,1.26255,1.26121,1.26213
2022-05-27 04:00,Green,0.0051800013,240.13083,1.26214,1.26666,1.26148,1.26573
2022-05-27 05:00,Red,0.0013799667,240.05344,1.26577,1.26581,1.26443,1.26539
2022-05-27 06:00,Red,0.0011600256,239.8034,1.26538,1.26587,1.26471,1.26484
2022-05-27 07:00,Green,0.0010700226,239.86296,1.26483,1.26565,1.26458,1.26524
2022-05-27 08:00,Red,0.0017699003,239.52356,1.26524,1.26524,1.26347,1.26379
2022-05-27 09:00,Red,0.00285995,237.66043,1.26378,1.26413,1.26127,1.26189
2022-05-27 10:00,Green,0.0021699667,235.91042,1.26188,1.26358,1.26141,1.26203
2022-05-27 11:00,Red,0.001940012,234.70207,1.26203,1.26267,1.26073,1.26178
2022-05-27 12:00,Red,0.0026299953,234.05327,1.26178,1.26197,1.25934,1.26043
2022-05-27 13:00,Red,0.0031200647,234.32707,1.26044,1.26168,1.25856,1.25921
2022-05-27 14:00,Green,0.003720045,235.14262,1.25922,1.26268,1.25896,1.26161
2022-05-27 15:00,Green,0.003039956,235.66637,1.26161,1.26436,1.26132,1.26245
2022-05-27 16:00,Green,0.0035699606,235.76758,1.26249,1.26536,1.26179,1.26466
2022-05-27 17:00,Red,0.0038599968,235.8152,1.26468,1.26526,1.2614,1.26141
2022-05-27 18:00,Red,0.0020200014,235.61282,1.2614,1.26167,1.25965,1.26113
2022-05-27 19:00,Red,0.0016499758,235.22589,1.26113,1.26146,1.25981,1.26068
2022-05-27 20:00,Green,0.0013700724,234.48193,1.26067,1.2616,1.26023,1.26152
